Sno.,Purchase Id,Invoice No,Pur.Date,Supplier,Barcode,Category,Item,HSN Code,Tax Type,GST (%),Size,Colour,QTY - ST,Total Qty,Purchase Rate,Disc1(%),Disc1(Rs),Taxable Value,Total Tax,Total Purchase Rate,MRP,Rate
1,132,010/2023-2024,17/04/2023,Dristi Associates,UJ24,Apparel,Jeans,0,EX-TAX,5,24,Blue,99,99,565,0,0,55934.99,2796.76,58731.75,790,790
2,132,010/2023-2024,17/04/2023,Dristi Associates,UJ26,Apparel,Jeans,,EX-TAX,5,26,Blue,318,318,590,0,0,187620,9381,197001,810,810
3,132,010/2023-2024,17/04/2023,Dristi Associates,UJ28,Apparel,Jeans,,EX-TAX,5,28,Blue,299,299,600,0,0,179400,8970,188370,830,830
4,132,010/2023-2024,17/04/2023,Dristi Associates,UJ30,Apparel,Jeans,,EX-TAX,5,30,Blue,280,280,630,0,0,176400,8820,185220,880,880
5,132,010/2023-2024,17/04/2023,Dristi Associates,UJ32,Apparel,Jeans,,EX-TAX,5,32,Blue,26,26,640,0,0,16640,832,17472,890,890
6,132,010/2023-2024,17/04/2023,Dristi Associates,UJ38,Apparel,Jeans,,EX-TAX,5,38,Blue,7,7,680,0,0,4760,238,4998,890,890
7,132,010/2023-2024,17/04/2023,Dristi Associates,UJ42,Apparel,Jeans,,EX-TAX,5,42,Blue,8,8,680,0,0,5440,272,5712,890,890
8,132,010/2023-2024,17/04/2023,Dristi Associates,US22N,Apparel,Uniform Shorts,0,EX-TAX,5,22,Blue,42,42,300,0,0,12600,630,13230,500,500
9,132,010/2023-2024,17/04/2023,Dristi Associates,US24N,Apparel,Uniform Shorts,,EX-TAX,5,24,Blue,127,127,300,0,0,38100,1905,40005,500,500
10,132,010/2023-2024,17/04/2023,Dristi Associates,US26,Apparel,Uniform Shorts,,EX-TAX,5,26,Blue,103,103,300,0,0,30900,1545,32445,500,500
11,133,0,19/04/2023,Sai Book House,NLGC1,Stationary,New Learners's Grammar and Composition 1,0,Non GST,0,1,White,140,140,236,0,0,0,0,33040,295,295
12,133,0,19/04/2023,Sai Book House,NLGC2,Stationary,New Learners's Grammar and Composition 2,0,Non GST,0,2,White,168,168,276,0,0,0,0,46368,345,345
13,133,0,19/04/2023,Sai Book House,NLGC3,Stationary,New Learners's Grammar and Composition 3,0,Non GST,0,3,White,168,168,308,0,0,0,0,51744,385,385
14,133,0,19/04/2023,Sai Book House,NLGC4,Stationary,New Learners's Grammar and Composition 4,0,Non GST,0,4,White,197,197,320,0,0,0,0,63040,400,400
15,133,0,19/04/2023,Sai Book House,NLGC5,Stationary,New Learners's Grammar and Composition 5,0,Non GST,0,5,White,188,188,320,0,0,0,0,60160,400,400
16,133,0,19/04/2023,Sai Book House,LCW1,Stationary,Lucida Cursive writing1,0,Non GST,0,1,White,140,140,75.6,0,0,0,0,10584,126,126
17,133,0,19/04/2023,Sai Book House,LCW2,Stationary,Lucida Cursive writing-2,0,Non GST,0,2,White,168,168,75.6,0,0,0,0,12700.8,126,126
18,133,0,19/04/2023,Sai Book House,LCW3,Stationary,Lucida Cursive Writing-3,0,Non GST,0,3,White,168,168,75.6,0,0,0,0,12700.8,126,126
19,133,0,19/04/2023,Sai Book House,LCW4,Stationary,Lucida Cursive Writing-4,0,Non GST,0,4,White,197,197,75.6,0,0,0,0,14893.2,126,126
20,133,0,19/04/2023,Sai Book House,LCW5,Stationary,Lucida Cursive Writing-5,0,Non GST,0,5,White,188,188,75.6,0,0,0,0,14212.8,126,126
21,133,0,19/04/2023,Sai Book House,AM1,Stationary,Alpha Maths (1),0,Non GST,0,1,White,140,140,356.25,0,0,0,0,49875,475,475
22,133,0,19/04/2023,Sai Book House,AM2,Stationary,Alpha Maths (2),0,Non GST,0,2,White,168,168,356.25,0,0,0,0,59850,475,475
23,133,0,19/04/2023,Sai Book House,AM3,Stationary,Alpha Maths (3),0,Non GST,0,3,White,168,168,427.5,0,0,0,0,71820,570,570
24,133,0,19/04/2023,Sai Book House,AM4,Stationary,Alpha Maths (4),0,Non GST,0,4,White,197,197,427.5,0,0,0,0,84217.5,570,570
25,133,0,19/04/2023,Sai Book House,AM5,Stationary,Alpha Maths (5),0,Non GST,0,5,White,188,188,442.5,0,0,0,0,83190,590,590
26,133,0,19/04/2023,Sai Book House,CBPS1,Stationary,Cambridge Primary Science (1),0,Non GST,0,1,White,140,140,667.5,0,0,0,0,93450,890,890
27,133,0,19/04/2023,Sai Book House,CBPS2,Stationary,Cambridge Primary Science (2)New Edition,0,Non GST,0,2,White,168,168,667.5,0,0,0,0,112140,890,890
28,133,0,19/04/2023,Sai Book House,CBPS3,Stationary,Cambridge Primary Science (3)New Edition,0,Non GST,0,3,White,168,168,667.5,0,0,0,0,112140,890,890
29,133,0,19/04/2023,Sai Book House,CBPS4,Stationary,Cambridge Primary Science (4)New Edition,0,Non GST,0,4,White,197,197,667.5,0,0,0,0,131497.5,890,890
30,133,0,19/04/2023,Sai Book House,CBPS5,Stationary,Cambridge Primary Science (5)New Edition,0,Non GST,0,5,White,188,188,667.5,0,0,0,0,125490,890,890
31,133,0,19/04/2023,Sai Book House,HG1,Stationary,Hindi Gnan book 1,0,Non GST,0,1,White,168,168,123,0,0,0,0,20664,205,205
32,133,0,19/04/2023,Sai Book House,HG2,Stationary,Hindi Gnan book 2,0,Non GST,0,2,White,168,168,123,0,0,0,0,20664,205,205
33,133,0,19/04/2023,Sai Book House,STVB1,Stationary,Sharada Telugu Vachakamu Book 1,0,Non GST,0,1,White,168,168,114,0,0,0,0,19152,190,190
34,133,0,19/04/2023,Sai Book House,STVB2,Stationary,Sharada Telugu Vachakamu Book 2,0,Non GST,0,2,White,168,168,138,0,0,0,0,23184,230,230
35,133,0,19/04/2023,Sai Book House,STVB3N,Stationary,Sharada Telugu Vachakamu Book 3,0,Non GST,0,3,White,197,197,138,0,0,0,0,27186,230,230
36,133,0,19/04/2023,Sai Book House,STVB4,Stationary,Sharada Telugu Vachakamu Book 4,0,Non GST,0,4,White,385,385,144,0,0,0,0,55440,240,240
37,133,0,19/04/2023,Sai Book House,SHPP3,Stationary,Sadbhavana Hindi Patyak pusthak 3,0,Non GST,0,3,White,197,197,79.2,0,0,0,0,15602.4,132,132
38,133,0,19/04/2023,Sai Book House,SHPP4,Stationary,Sadbhavana Hindi Patyak pusthak 4,0,Non GST,0,4,White,188,188,79.2,0,0,0,0,14889.6,132,132
39,133,0,19/04/2023,Sai Book House,FC2,Stationary,Friday Comprehension 2,Oxford,Non GST,0,2,White,168,168,204,0,0,0,0,34272,255,255
40,133,0,19/04/2023,Sai Book House,OXD,Stationary,Oxford Dictionary,Oxford,Non GST,0,0,White,553,553,206.5,0,0,0,0,114194.5,295,295
41,133,0,19/04/2023,Sai Book House,PC1,Stationary,Primary Comprehension (1),Cambridge,Non GST,0,1,White,197,197,182,0,0,0,0,35854,260,260
42,133,0,19/04/2023,Sai Book House,PC2,Stationary,Primary Comprehension (2),Cambridge,Non GST,0,2,White,188,188,217,0,0,0,0,40796,310,310
43,133,0,19/04/2023,Sai Book House,MAT8,Stationary,Mathematics 8,NCERT,Non GST,0,8,White,180,180,65,0,0,0,0,11700,65,65
44,133,0,19/04/2023,Sai Book House,MAT7,Stationary,Mathematics 7,NCERT,Non GST,0,7,White,144,144,65,0,0,0,0,9360,65,65
45,133,0,19/04/2023,Sai Book House,PC3,Stationary,Primary Comprehension (3),Cambridge,Non GST,0,3,White,120,120,260,30,78,21840,0,21840,260,260
46,133,0,19/04/2023,Sai Book House,PC3,Stationary,Primary Comprehension (3),Cambridge,Non GST,0,3,White,120,120,260,30,78,21840,0,21840,260,260
47,133,0,19/04/2023,Sai Book House,PC3,Stationary,Primary Comprehension (3),Cambridge,Non GST,0,3,White,120,120,260,30,78,21840,0,21840,260,260
48,133,0,19/04/2023,Sai Book House,PC3,Stationary,Primary Comprehension (3),Cambridge,Non GST,0,3,White,120,120,260,30,78,21840,0,21840,260,260
49,134,0,19/04/2023,Sai Book House,CRN100,Stationary,Crown 100 PGS,0,INC-TAX,12,100,White,3410,3410,22.8,0,0,69417.86,8330.14,77748,38,38
50,134,0,19/04/2023,Sai Book House,CRN200,Stationary,Crown 200 PGS,0,INC-TAX,12,200,White,3020,3020,42,0,0,113250,13590,126840,70,70
51,134,0,19/04/2023,Sai Book House,RBR200,Stationary,Regualr Broad ruled 200,,INC-TAX,12,200,White,6010,6010,28.8,0,0,154542.86,18545.14,173088,48,48
52,134,0,19/04/2023,Sai Book House,ROBR100,Stationary,Regular one side Broad ruled 100,0,INC-TAX,12,100,White,770,770,15,0,0,10312.5,1237.5,11550,25,25
53,134,0,19/04/2023,Sai Book House,CRN140,Stationary,Crown 140 PGS,0,INC-TAX,12,140,White,550,550,33,0,0,16205.36,1944.64,18150,55,55
54,134,0,19/04/2023,Sai Book House,RCR60,Stationary,Regular check ruled 60,0,INC-TAX,12,60,White,275,275,12,0,0,2946.42,353.58,3300,20,20
55,134,0,19/04/2023,Sai Book House,DOMS,Stationary,Erasers-DOMS,0,INC-TAX,5,0,White,275,275,45,0,0,11785.72,589.28,12375,60,60
56,134,0,19/04/2023,Sai Book House,FVLN,Stationary,Fevicol,0,INC-TAX,18,0,White,770,770,51,0,0,33279.66,5990.34,39270,60,60
57,134,0,19/04/2023,Sai Book House,WCN,Stationary,Water Colors,0,INC-TAX,18,0,White,495,495,17,0,0,7131.36,1283.64,8415,20,20
58,134,0,19/04/2023,Sai Book House,CYSN,Stationary,Crayons,0,INC-TAX,12,0,White,770,770,45,0,0,30937.5,3712.5,34650,60,60
59,134,0,19/04/2023,Sai Book House,OFN,Stationary,Office Files,0,INC-TAX,18,0,White,770,770,21,0,0,13703.38,2466.62,16170,30,30
60,134,0,19/04/2023,Sai Book House,BCY,Stationary,Book covers Yellow,0,INC-TAX,18,0,Yellow,2620,2620,3.28,0,0,7282.7,1310.9,8593.6,6,6
61,134,0,19/04/2023,Sai Book House,BCO,Stationary,Book covers Orange,0,INC-TAX,18,0,Orange,1800,1800,3.28,0,0,5003.38,900.62,5904,6,6
62,134,0,19/04/2023,Sai Book House,BCG,Stationary,Book covers Green,0,INC-TAX,18,0,Green,1150,1150,3.28,0,0,3196.6,575.4,3772,6,6
63,134,0,19/04/2023,Sai Book House,BCP,Stationary,Book covers Pink,0,INC-TAX,18,0,Pink,1150,1150,3.28,0,0,3196.6,575.4,3772,6,6
64,134,0,19/04/2023,Sai Book House,BCT,Stationary,Book covers Transprant,0,INC-TAX,18,0,White,1590,1590,3.28,0,0,4419.66,795.54,5215.2,6,6
65,134,0,19/04/2023,Sai Book House,BCPL,Stationary,Book covers Purple,0,INC-TAX,18,0,Purple,1550,1550,3.28,0,0,4308.48,775.52,5084,6,6
66,134,0,19/04/2023,Sai Book House,BCB,Stationary,Book covers Blue,0,INC-TAX,18,0,Blue,600,600,3.28,0,0,1667.8,300.2,1968,6,6
67,134,0,19/04/2023,Sai Book House,BCBN,Stationary,Book covers Brown,0,INC-TAX,18,0,Brown,13365,13365,3.28,0,0,37150.16,6687.04,43837.2,6,6
68,134,0,19/04/2023,Sai Book House,DRW60,Stationary,Drawing 60PGS,0,INC-TAX,12,0,White,861,861,39,0,0,29981.24,3597.76,33579,65,65
69,134,0,19/04/2023,Sai Book House,DOMSPP,Stationary,Paper pencil -DOMS,0,INC-TAX,5,0,White,800,800,37.5,0,0,28571.42,1428.58,30000,50,50
70,134,0,19/04/2023,Sai Book House,RBR100,Stationary,Regualr Broad ruled 100,0,INC-TAX,12,100,White,800,800,15,0,0,10714.28,1285.72,12000,25,25
71,134,0,19/04/2023,Sai Book House,RBR100,Stationary,Regualr Broad ruled 100,0,INC-TAX,12,100,White,800,800,15,0,0,10714.28,1285.72,12000,25,25
72,135,0,24/04/2023,Shree Digital,SHBP,Stationary,Student Hand book Primary,0,Non GST,0,0,White,900,900,100,0,0,0,0,90000,100,100
73,136,0,24/04/2023,Super smart choice Pvt Ltd,SSCP,Stationary,Super smart card Primary,0,INC-TAX,18,0,White,870,870,1500,0,0,1105932.2,199067.8,1305000,1770,1770
74,137,0,25/04/2023,NIRMALA ENTERPRISES,A4250,Stationary,A4 250,0,EX-TAX,12,0,White,800,800,104.91,0,0,83928,10071.36,93999.36,130,130
75,139,3376,26/04/2023,Sai Book House,VST1N,Stationary,Vyasa Sundara Telugu-1 New,0,Non GST,0,1,White,140,140,89.4,0,0,0,0,12516,149,149
76,139,3376,26/04/2023,Sai Book House,MAT6,Stationary,Mathematics 6,NCERT,Non GST,0,6,White,182,182,65,0,0,11830,0,11830,65,65
77,139,3376,26/04/2023,Sai Book House,MAT7,Stationary,Mathematics 7,NCERT,Non GST,0,7,White,100,100,65,0,0,6500,0,6500,65,65
78,139,3376,26/04/2023,Sai Book House,SPRS9,Stationary,SPARSH 9,NCERT,Non GST,0,9,White,28,28,50,0,0,1400,0,1400,50,50
79,139,3376,26/04/2023,Sai Book House,SANC9,Stationary,SANCHYAN 9,NCERT,Non GST,0,9,White,28,28,30,0,0,840,0,840,30,30
80,139,3376,26/04/2023,Sai Book House,BCB,Stationary,Book covers Blue,0,Non GST,0,0,Blue,600,600,3.28,0,0,1968,0,1968,6,6
81,139,3376,26/04/2023,Sai Book House,CRN140,Stationary,Crown 140 PGS,0,Non GST,0,140,White,560,560,33,0,0,18480,0,18480,55,55
82,139,3376,26/04/2023,Sai Book House,RSNB200,Stationary,Regular Short Note book 200,0,Non GST,0,200,White,350,350,18.75,0,0,6562.5,0,6562.5,35,35
83,139,3376,26/04/2023,Sai Book House,PC3,Stationary,Primary Comprehension (3),Cambridge,Non GST,0,3,White,120,120,260,30,78,21840,0,21840,260,260
84,139,3376,26/04/2023,Sai Book House,PC3,Stationary,Primary Comprehension (3),Cambridge,Non GST,0,3,White,120,120,260,30,78,21840,0,21840,260,260
85,139,3376,26/04/2023,Sai Book House,PC3,Stationary,Primary Comprehension (3),Cambridge,Non GST,0,3,White,120,120,260,30,78,21840,0,21840,260,260
86,138,LBH/0096,27/04/2023,LUCKY BOOT HOUSE,CRCK1,Stationary,CROCK 1,0,INC-TAX,12,1,White,10,10,220,0,0,1964.28,235.72,2200,339,339
87,138,LBH/0096,27/04/2023,LUCKY BOOT HOUSE,CRCK13,Stationary,CROCK 13,0,INC-TAX,12,13,White,12,12,220,0,0,2357.14,282.86,2640,339,339
88,138,LBH/0096,27/04/2023,LUCKY BOOT HOUSE,CRCK12,Stationary,CROCK 12,0,INC-TAX,12,12,White,10,10,220,0,0,1964.28,235.72,2200,339,339
89,138,LBH/0096,27/04/2023,LUCKY BOOT HOUSE,CRCK11,Stationary,CROCK 11,0,INC-TAX,12,11,White,10,10,220,0,0,1964.28,235.72,2200,339,339
90,138,LBH/0096,27/04/2023,LUCKY BOOT HOUSE,CRCK10,Stationary,CROCK 10,0,INC-TAX,12,10,White,10,10,200,0,0,1785.72,214.28,2000,309,309
91,138,LBH/0096,27/04/2023,LUCKY BOOT HOUSE,CRCK9,Stationary,CROCK 09,0,INC-TAX,12,9,White,10,10,200,0,0,1785.72,214.28,2000,309,309
92,138,LBH/0096,27/04/2023,LUCKY BOOT HOUSE,CRCK8,Stationary,CROCK 08,0,INC-TAX,12,8,White,10,10,200,0,0,1785.72,214.28,2000,309,309
93,140,012/2023-2024,29/04/2023,Dristi Associates,US28,Apparel,Uniform Shorts,,EX-TAX,5,28,Blue,121,121,310,0,0,37510,1875.5,39385.5,520,520
94,140,012/2023-2024,29/04/2023,Dristi Associates,US26,Apparel,Uniform Shorts,,EX-TAX,5,26,Blue,100,100,300,0,0,30000,1500,31500,510,510
95,141,LBH/00,05 August 2023,LUCKY BOOT HOUSE,CRCK1,Stationary,CROCK 1,0,INC-TAX,12,1,White,10,10,220,0,0,1964.28,235.72,2200,339,339
96,141,LBH/00,05 August 2023,LUCKY BOOT HOUSE,CRCK8,Stationary,CROCK 08,0,INC-TAX,12,8,White,12,12,200,0,0,2142.86,257.14,2400,309,309
97,141,LBH/00,05 August 2023,LUCKY BOOT HOUSE,CRCK9,Stationary,CROCK 09,0,INC-TAX,12,9,White,12,12,200,0,0,2142.86,257.14,2400,309,309
98,141,LBH/00,05 August 2023,LUCKY BOOT HOUSE,CRCK10,Stationary,CROCK 10,0,INC-TAX,12,10,White,12,12,200,0,0,2142.86,257.14,2400,309,309
99,141,LBH/00,05 August 2023,LUCKY BOOT HOUSE,CRCK11,Stationary,CROCK 11,0,INC-TAX,12,11,White,9,9,220,0,0,1767.86,212.14,1980,339,339
100,141,LBH/00,05 August 2023,LUCKY BOOT HOUSE,CRCK12,Stationary,CROCK 12,0,INC-TAX,12,12,White,8,8,220,0,0,1571.42,188.58,1760,339,339
101,141,LBH/00,05 August 2023,LUCKY BOOT HOUSE,CRCK13,Stationary,CROCK 13,0,INC-TAX,12,13,White,9,9,220,0,0,1767.86,212.14,1980,339,339
102,143,026/2023-24,26/06/2023,Sai Book House,C6NV,Stationary,Nava Vasantham - 1,,Non GST,0,0,White,144,144,138,0,0,19872,0,19872,138,138
103,143,026/2023-24,26/06/2023,Sai Book House,MAT6,Stationary,Mathematics 6,NCERT,Non GST,0,6,White,182,182,65,0,0,11830,0,11830,65,65
104,143,026/2023-24,26/06/2023,Sai Book House,MAT7,Stationary,Mathematics 7,NCERT,Non GST,0,7,White,214,214,65,0,0,13910,0,13910,65,65
105,143,026/2023-24,26/06/2023,Sai Book House,MAT8,Stationary,Mathematics 8,NCERT,Non GST,0,8,White,180,180,65,0,0,11700,0,11700,60,60
106,143,026/2023-24,26/06/2023,Sai Book House,9ESM,Stationary,9 English Study material,Ever Green,Non GST,0,9,White,143,143,412.5,0,0,58987.5,0,58987.5,550,550
107,143,026/2023-24,26/06/2023,Sai Book House,9SSM,Stationary,9 Science Study material,Ever Green,Non GST,0,9,White,143,143,337.5,0,0,48262.5,0,48262.5,450,450
108,143,026/2023-24,26/06/2023,Sai Book House,9SOSM,Stationary,9 Social Study material,Evere Green,Non GST,0,9,White,143,143,390,0,0,55770,0,55770,520,520
109,143,026/2023-24,26/06/2023,Sai Book House,TELSGD10,Stationary,Singdi2,0,Non GST,0,10,White,121,121,144,0,0,17424,0,17424,144,144
110,143,026/2023-24,26/06/2023,Sai Book House,10ESM,Stationary,10 English Study material,Ever Green,Non GST,0,10,White,161,161,427.5,0,0,68827.5,0,68827.5,570,570
111,143,026/2023-24,26/06/2023,Sai Book House,10SSM,Stationary,10 Science Study Material,Ever Green,Non GST,0,10,White,161,161,390,0,0,62790,0,62790,520,520
112,143,026/2023-24,26/06/2023,Sai Book House,10SOSM,Stationary,10 Social Study Material,Ever Green,Non GST,0,10,White,161,161,412.5,0,0,66412.5,0,66412.5,550,550
113,143,026/2023-24,26/06/2023,Sai Book House,SANCH9,Stationary,SANCHAYAN 9,0,Non GST,0,9,White,29,29,30,0,0,870,0,870,30,30
114,143,026/2023-24,26/06/2023,Sai Book House,SPRS9,Stationary,SPARSH 9,NCERT,Non GST,0,9,White,14,14,50,0,0,700,0,700,50,50
115,143,026/2023-24,26/06/2023,Sai Book House,10SLH,Stationary,10 HINDI SL,Xamidea,Non GST,0,10,White,40,40,337.5,0,0,0,0,13500,450,450
117,144,026-2023-24,26/06/2023,Shree Digital,STWB,Stationary,Student Work Book,0,EX-TAX,0,0,White,1015,1015,120,0,0,121800,0,121800,150,150
118,146,026-2023-24,26/06/2023,Meher Book Depot,DWBK,Stationary,Drawing Book,0,EX-TAX,12,0,White,840,840,39.6,0,0,33264,3991.68,37255.68,55,55
119,147,026-2023-24,26/06/2023,Moon Xerox,9CWS,Stationary,9 Computer work sheet,0,Non GST,0,9,White,124,124,324,0,0,40176,0,40176,350,350
120,147,026-2023-24,26/06/2023,Moon Xerox,10MWS,Stationary,10 Maths Work sheet,0,Non GST,0,10,White,159,159,136.35,0,0,21679.65,0,21679.65,175,175
121,147,026-2023-24,26/06/2023,Moon Xerox,10CWS,Stationary,10 Computer work sheet,0,Non GST,0,10,White,159,159,324,0,0,51516,0,51516,350,350
122,142,041/2023-2024,14/07/2023,Dristi Associates,UJ24,Apparel,Jeans,0,EX-TAX,5,24,Blue,147,147,565,0,0,83054.99,4152.76,87207.75,790,790
123,142,041/2023-2024,14/07/2023,Dristi Associates,UJ26,Apparel,Jeans,,EX-TAX,5,26,Blue,18,18,590,0,0,10620,531,11151,810,810
124,142,041/2023-2024,14/07/2023,Dristi Associates,UJ28,Apparel,Jeans,,EX-TAX,5,28,Blue,30,30,600,0,0,18000,900,18900,830,830
125,142,041/2023-2024,14/07/2023,Dristi Associates,UJ30,Apparel,Jeans,,EX-TAX,5,30,Blue,29,29,630,0,0,18270,913.5,19183.5,880,880
126,145,0,18/07/2023,Gajanan,CRN200,Stationary,Crown 200 PGS,0,EX-TAX,12,200,White,780,780,37.5,0,0,29250,3510,32760,60,60
127,148,,20/11/2023,NEW LITTLE STARS,LSOC5,Apparel,SOCKS 05,6115,EX-TAX,5,5,GREY,105,105,65,0,0,6825.01,341.24,7166.25,100,100
128,148,,20/11/2023,NEW LITTLE STARS,LSOC6,Apparel,SOCKS 06,6115,EX-TAX,5,6,GREY,111,111,65,0,0,7214.99,360.76,7575.75,100,100
129,149,KA 23-24 175,24/11/2023,Karthi Apparels,HD20,Apparel,Hoodies,61102000,EX-TAX,5,20,Gray,12,12,380,0,0,4560,228,4788,640,640
130,149,KA 23-24 175,24/11/2023,Karthi Apparels,HD22,Apparel,Hoodies,61102000,EX-TAX,5,22,Gray,102,102,380,0,0,38760,1938,40698,640,640
131,149,KA 23-24 175,24/11/2023,Karthi Apparels,HD24,Apparel,Hoodies,61102000,EX-TAX,5,24,Gray,142,142,400,0,0,56800,2840,59640,660,660
132,149,KA 23-24 175,24/11/2023,Karthi Apparels,HD26,Apparel,Hoodies,61102000,EX-TAX,5,26,Gray,63,63,425,0,0,26774.99,1338.76,28113.75,680,680
133,149,KA 23-24 175,24/11/2023,Karthi Apparels,HD28,Apparel,Hoodies,61102000,EX-TAX,5,28,Gray,158,158,435,0,0,68730,3436.5,72166.5,700,700
134,149,KA 23-24 175,24/11/2023,Karthi Apparels,HD30,Apparel,Hoodies,61102000,EX-TAX,5,30,Gray,128,128,445,0,0,56960,2848,59808,720,720
135,149,KA 23-24 175,24/11/2023,Karthi Apparels,HD32,Apparel,Hoodies,61102000,EX-TAX,5,32,Gray,66,66,455,0,0,30030,1501.5,31531.5,730,730
136,149,KA 23-24 175,24/11/2023,Karthi Apparels,HD34,Apparel,Hoodies,61102000,EX-TAX,5,34,Gray,71,71,465,0,0,33014.99,1650.76,34665.75,740,740
137,149,KA 23-24 175,24/11/2023,Karthi Apparels,HD36,Apparel,Hoodies,61102000,EX-TAX,5,36,Gray,39,39,475,0,0,18525.01,926.24,19451.25,760,760
138,149,KA 23-24 175,24/11/2023,Karthi Apparels,HD38,Apparel,Hoodies,61102000,EX-TAX,5,38,Gray,16,16,485,0,0,7760,388,8148,780,780
139,149,KA 23-24 175,24/11/2023,Karthi Apparels,HD40,Apparel,Hoodies,61102000,EX-TAX,5,40,Gray,6,6,500,0,0,3000,150,3150,800,800
140,149,KA 23-24 175,24/11/2023,Karthi Apparels,HD42,Apparel,Hoodies,61102000,EX-TAX,5,42,Gray,7,7,520,0,0,3640,182,3822,830,830
89,88,032/2022-2023,27/07/2022,Dristi Associates,US26,Apparel,Uniform Shorts,,INC-TAX,5,26,Blue,70,70,300,0,0,20000,1000,21000,480,480
90,88,032/2022-2023,27/07/2022,Dristi Associates,US28,Apparel,Uniform Shorts,,INC-TAX,5,28,Blue,105,105,310,0,0,31000,1550,32550,490,490
91,88,032/2022-2023,27/07/2022,Dristi Associates,US30,Apparel,Uniform Shorts,,INC-TAX,5,30,Blue,175,175,310,0,0,51666.66,2583.34,54250,490,490
92,88,032/2022-2023,27/07/2022,Dristi Associates,US32,Apparel,Uniform Shorts,,INC-TAX,5,32,Blue,81,81,320,0,0,24685.72,1234.28,25920,510,510
93,89,040/2022-2023,08 November 2022,Dristi Associates,US20N,Apparel,Uniform Shorts,,EX-TAX,5,20,Blue,27,27,300,0,0,8100,405,8505,450,450
94,89,040/2022-2023,08 November 2022,Dristi Associates,US22N,Apparel,Uniform Shorts,0,EX-TAX,5,22,Blue,33,33,300,0,0,9900,495,10395,470,470
95,89,040/2022-2023,08 November 2022,Dristi Associates,US24N,Apparel,Uniform Shorts,,EX-TAX,5,24,Blue,50,50,300,0,0,15000,750,15750,480,480
96,90,052/2022-2023,09 March 2022,Dristi Associates,UJ24,Apparel,Jeans 24,,INC-TAX,5,24,Blue,44,44,565,0,0,23676.2,1183.8,24860,750,750
130,109,039/2022-2023,08 October 2022,Dristi Associates,Kur22B,Apparel,Blue Kurta,0,EX-TAX,5,22,Blue,5,5,230,0,0,1150,57.5,1207.5,350,350
131,109,039/2022-2023,08 October 2022,Dristi Associates,Kur24B,Apparel,Blue Kurta,0,EX-TAX,5,24,Blue,35,35,265,0,0,9274.99,463.76,9738.75,360,360
137,109,039/2022-2023,08 October 2022,Dristi Associates,Kur24G,Apparel,Green Kurta,0,EX-TAX,5,24,Green,1,1,265,0,0,265.01,13.24,278.25,360,360
113,108,026/2022-23,16/07/2022,Dristi Associates,Kur26B,Apparel,Blue Kurta,,EX-TAX,5,26,Blue,100,100,275,0,0,27500,1375,28875,370,370
119,108,026/2022-23,16/07/2022,Dristi Associates,Kur26G,Apparel,Green Kurta,0,EX-TAX,5,26,Green,3,3,275,0,0,825.01,41.24,866.25,370,370
138,109,039/2022-2023,08 October 2022,Dristi Associates,Kur26G,Apparel,Green Kurta,0,EX-TAX,5,26,Green,71,71,275,0,0,19525.01,976.24,20501.25,370,370
147,131,165/2022-23,17/03/2023,Dristi Associates,Kur26B,Apparel,Blue Kurta,,EX-TAX,5,26,Blue,80,80,275,0,0,22000,1100,23100,390,390
157,131,165/2022-23,17/03/2023,Dristi Associates,Kur26G,Apparel,Green Kurta,0,EX-TAX,5,26,Green,140,140,275,0,0,38500,1925,40425,390,390
105,108,026/2022-23,16/07/2022,Dristi Associates,UJ24,Apparel,Jeans,0,EX-TAX,5,24,Blue,32,32,565,0,0,18080,904,18984,750,750
106,108,026/2022-23,16/07/2022,Dristi Associates,UJ26,Apparel,Jeans,,EX-TAX,5,26,Blue,154,154,590,0,0,90860,4543,95403,770,770
107,108,026/2022-23,16/07/2022,Dristi Associates,UJ28,Apparel,Jeans,,EX-TAX,5,28,Blue,184,184,600,0,0,110400,5520,115920,790,790
108,108,026/2022-23,16/07/2022,Dristi Associates,UJ30,Apparel,Jeans,,EX-TAX,5,30,Blue,220,220,630,0,0,138600,6930,145530,830,830
109,108,026/2022-23,16/07/2022,Dristi Associates,UJ32,Apparel,Jeans,,EX-TAX,5,32,Blue,224,224,640,0,0,143360,7168,150528,850,850
110,108,026/2022-23,16/07/2022,Dristi Associates,UJ34,Apparel,Jeans,,EX-TAX,5,34,Blue,224,224,650,0,0,145600,7280,152880,850,850
111,108,026/2022-23,16/07/2022,Dristi Associates,UJ36,Apparel,Jeans,,EX-TAX,5,36,Blue,124,124,680,0,0,84320,4216,88536,890,890
112,108,026/2022-23,16/07/2022,Dristi Associates,UJ38,Apparel,Jeans,,EX-TAX,5,38,Blue,23,23,680,0,0,15640,782,16422,890,890
114,108,026/2022-23,16/07/2022,Dristi Associates,Kur28B,Apparel,Blue Kurta,,EX-TAX,5,28,Blue,125,125,275,0,0,34374.99,1718.76,36093.75,370,370
120,108,026/2022-23,16/07/2022,Dristi Associates,Kur28G,Apparel,Green Kurta,,EX-TAX,5,28,Green,3,3,275,0,0,825.01,41.24,866.25,370,370
139,109,039/2022-2023,08 October 2022,Dristi Associates,Kur28G,Apparel,Green Kurta,,EX-TAX,5,28,Green,80,80,275,0,0,22000,1100,23100,370,370
148,131,165/2022-23,17/03/2023,Dristi Associates,Kur28B,Apparel,Blue Kurta,,EX-TAX,5,28,Blue,170,170,275,0,0,46750,2337.5,49087.5,390,390
158,131,165/2022-23,17/03/2023,Dristi Associates,Kur28G,Apparel,Green Kurta,,EX-TAX,5,28,Green,100,100,275,0,0,27500,1375,28875,390,390
115,108,026/2022-23,16/07/2022,Dristi Associates,Kur30B,Apparel,Blue Kurta,0,EX-TAX,5,30,Blue,25,25,290,0,0,7250,362.5,7612.5,400,400
121,108,026/2022-23,16/07/2022,Dristi Associates,Kur30G,Apparel,Green Kurta,0,EX-TAX,5,30,Green,3,3,290,0,0,870,43.5,913.5,400,400
132,109,039/2022-2023,08 October 2022,Dristi Associates,Kur30B,Apparel,Blue Kurta,0,EX-TAX,5,30,Blue,107,107,290,0,0,31030,1551.5,32581.5,400,400
140,109,039/2022-2023,08 October 2022,Dristi Associates,Kur30G,Apparel,Green Kurta,0,EX-TAX,5,30,Green,98,98,290,0,0,28420,1421,29841,400,400
149,131,165/2022-23,17/03/2023,Dristi Associates,Kur30B,Apparel,Blue Kurta,0,EX-TAX,5,30,Blue,130,130,290,0,0,37700,1885,39585,430,430
159,131,165/2022-23,17/03/2023,Dristi Associates,Kur30G,Apparel,Green Kurta,0,EX-TAX,5,30,Green,160,160,290,0,0,46400,2320,48720,420,420
97,107,063/2022-2023,28/09/2022,Dristi Associates,Kur32B,Apparel,Blue Kurta,0,EX-TAX,5,32,Blue,20,20,300,0,0,6000,300,6300,410,410
101,107,063/2022-2023,28/09/2022,Dristi Associates,Kur32G,Apparel,Green Kurta,0,EX-TAX,5,32,Green,20,20,300,0,0,6000,300,6300,410,410
126,108,026/2022-23,16/07/2022,Dristi Associates,US26,Apparel,Uniform Shorts,,EX-TAX,5,26,Blue,2,2,300,0,0,600,30,630,480,480
127,108,026/2022-23,16/07/2022,Dristi Associates,US28,Apparel,Uniform Shorts,,EX-TAX,5,28,Blue,52,52,310,0,0,16120,806,16926,490,490
128,108,026/2022-23,16/07/2022,Dristi Associates,US30,Apparel,Uniform Shorts,,EX-TAX,5,30,Blue,2,2,310,0,0,620,31,651,490,490
129,108,026/2022-23,16/07/2022,Dristi Associates,US32,Apparel,Uniform Shorts,,EX-TAX,5,32,Blue,21,21,320,0,0,6720,336,7056,510,510
116,108,026/2022-23,16/07/2022,Dristi Associates,Kur32B,Apparel,Blue Kurta,0,EX-TAX,5,32,Blue,100,100,300,0,0,30000,1500,31500,410,410
122,108,026/2022-23,16/07/2022,Dristi Associates,Kur32G,Apparel,Green Kurta,0,EX-TAX,5,32,Green,3,3,300,0,0,900,45,945,410,410
133,109,039/2022-2023,08 October 2022,Dristi Associates,Kur32B,Apparel,Blue Kurta,0,EX-TAX,5,32,Blue,30,30,300,0,0,9000,450,9450,410,410
143,109,039/2022-2023,08 October 2022,Dristi Associates,Kur32G,Apparel,Green Kurta,0,EX-TAX,5,32,Green,94,94,300,0,0,28200,1410,29610,410,410
150,131,165/2022-23,17/03/2023,Dristi Associates,Kur32B,Apparel,Blue Kurta,0,EX-TAX,5,32,Blue,230,230,300,0,0,69000,3450,72450,430,430
160,131,165/2022-23,17/03/2023,Dristi Associates,Kur32G,Apparel,Green Kurta,0,EX-TAX,5,32,Green,150,150,300,0,0,45000,2250,47250,440,440
98,107,063/2022-2023,28/09/2022,Dristi Associates,Kur34B,Apparel,Blue Kurta,0,EX-TAX,5,34,Blue,20,20,300,0,0,6000,300,6300,410,410
102,107,063/2022-2023,28/09/2022,Dristi Associates,Kur34G,Apparel,Green Kurta,0,EX-TAX,5,34,Green,20,20,300,0,0,6000,300,6300,410,410
117,108,026/2022-23,16/07/2022,Dristi Associates,Kur34B,Apparel,Blue Kurta,0,EX-TAX,5,34,Blue,175,175,300,0,0,52500,2625,55125,410,410
123,108,026/2022-23,16/07/2022,Dristi Associates,Kur34G,Apparel,Green Kurta,0,EX-TAX,5,34,Green,3,3,300,0,0,900,45,945,410,410
144,109,039/2022-2023,08 October 2022,Dristi Associates,Kur34G,Apparel,Green Kurta,0,EX-TAX,5,34,Green,103,103,300,0,0,30900,1545,32445,410,410
151,131,165/2022-23,17/03/2023,Dristi Associates,Kur34B,Apparel,Blue Kurta,0,EX-TAX,5,34,Blue,250,250,300,0,0,75000,3750,78750,430,430
161,131,165/2022-23,17/03/2023,Dristi Associates,Kur34G,Apparel,Green Kurta,0,EX-TAX,5,34,Green,190,190,300,0,0,57000,2850,59850,440,440
118,108,026/2022-23,16/07/2022,Dristi Associates,Kur36B,Apparel,Blue Kurta,0,EX-TAX,5,36,Blue,200,200,310,0,0,62000,3100,65100,420,420
124,108,026/2022-23,16/07/2022,Dristi Associates,Kur36G,Apparel,Green Kurta,0,EX-TAX,5,36,Green,3,3,310,0,0,930,46.5,976.5,420,420
146,109,039/2022-2023,08 October 2022,Dristi Associates,Kur36G,Apparel,Green Kurta,0,EX-TAX,5,36,Green,120,120,310,0,0,37200,1860,39060,420,420
152,131,165/2022-23,17/03/2023,Dristi Associates,Kur36B,Apparel,Blue Kurta,0,EX-TAX,5,36,Blue,150,150,310,0,0,46500,2325,48825,450,450
162,131,165/2022-23,17/03/2023,Dristi Associates,Kur36G,Apparel,Green Kurta,0,EX-TAX,5,36,Green,100,100,310,0,0,31000,1550,32550,450,450
134,109,039/2022-2023,08 October 2022,Dristi Associates,Kur38B,Apparel,Blue Kurta,0,EX-TAX,5,38,Blue,101,101,320,0,0,32320,1616,33936,440,440
145,109,039/2022-2023,08 October 2022,Dristi Associates,Kur38G,Apparel,Green Kurta,0,EX-TAX,5,38,Green,99,99,320,0,0,31680,1584,33264,440,440
153,131,165/2022-23,17/03/2023,Dristi Associates,Kur38B,Apparel,Blue Kurta,0,EX-TAX,5,38,Blue,90,90,320,0,0,28800,1440,30240,460,460
163,131,165/2022-23,17/03/2023,Dristi Associates,Kur38G,Apparel,Green Kurta,0,EX-TAX,5,38,Green,80,80,320,0,0,25600,1280,26880,460,460
99,107,063/2022-2023,28/09/2022,Dristi Associates,Kur40B,Apparel,Blue Kurta,0,EX-TAX,5,40,Blue,20,20,370,0,0,7400,370,7770,510,510
103,107,063/2022-2023,28/09/2022,Dristi Associates,Kur40G,Apparel,Green Kurta,0,EX-TAX,5,40,Green,20,20,370,0,0,7400,370,7770,510,510
125,108,026/2022-23,16/07/2022,Dristi Associates,Kur40G,Apparel,Green Kurta,0,EX-TAX,5,40,Green,3,3,370,0,0,1110,55.5,1165.5,510,510
136,109,039/2022-2023,08 October 2022,Dristi Associates,Kur40B,Apparel,Blue Kurta,0,EX-TAX,5,40,Blue,25,25,370,0,0,9250,462.5,9712.5,510,510
141,109,039/2022-2023,08 October 2022,Dristi Associates,Kur40G,Apparel,Green Kurta,0,EX-TAX,5,40,Green,23,23,370,0,0,8510,425.5,8935.5,510,510
154,131,165/2022-23,17/03/2023,Dristi Associates,Kur40B,Apparel,Blue Kurta,0,EX-TAX,5,40,Blue,60,60,370,0,0,22200,1110,23310,540,540
164,131,165/2022-23,17/03/2023,Dristi Associates,Kur40G,Apparel,Green Kurta,0,EX-TAX,5,40,Green,60,60,370,0,0,22200,1110,23310,540,540
100,107,063/2022-2023,28/09/2022,Dristi Associates,Kur42B,Apparel,Blue Kurta,0,EX-TAX,5,42,Blue,20,20,370,0,0,7400,370,7770,510,510
104,107,063/2022-2023,28/09/2022,Dristi Associates,Kur42G,Apparel,Green Kurta,0,EX-TAX,5,42,Green,20,20,370,0,0,7400,370,7770,510,510
135,109,039/2022-2023,08 October 2022,Dristi Associates,Kur42B,Apparel,Blue Kurta,0,EX-TAX,5,42,Blue,5,5,370,0,0,1850,92.5,1942.5,510,510
142,109,039/2022-2023,08 October 2022,Dristi Associates,Kur42G,Apparel,Green Kurta,0,EX-TAX,5,42,Green,5,5,370,0,0,1850,92.5,1942.5,510,510
155,131,165/2022-23,17/03/2023,Dristi Associates,Kur42B,Apparel,Blue Kurta,0,EX-TAX,5,42,Blue,40,40,370,0,0,14800,740,15540,540,540
165,131,165/2022-23,17/03/2023,Dristi Associates,Kur42G,Apparel,Green Kurta,0,EX-TAX,5,42,Green,40,40,370,0,0,14800,740,15540,540,540
156,131,165/2022-23,17/03/2023,Dristi Associates,Kur44B,Apparel,Blue Kurta,,EX-TAX,5,44,Blue,20,20,320,0,0,6400,320,6720,540,540
166,131,165/2022-23,17/03/2023,Dristi Associates,Kur44G,Apparel,Green Kurta,,EX-TAX,5,44,Green,20,20,320,0,0,6400,320,6720,540,540
167,104,KA/22-23/159,10 August 2022,Karthi Apparels,SSHN22B,Apparel,Blue Sports Short,62034300,EX-TAX,5,22,Blue,5,5,165,0,0,825.01,41.24,866.25,290,290
168,104,KA/22-23/159,10 August 2022,Karthi Apparels,SSHN22G,Apparel,Green Sports Short,62034300,EX-TAX,5,22,Green,5,5,165,0,0,825.01,41.24,866.25,290,290
169,104,KA/22-23/159,10 August 2022,Karthi Apparels,SSHN22R,Apparel,Red Sports Short,62034300,EX-TAX,5,22,Red,5,5,165,0,0,825.01,41.24,866.25,290,290
170,104,KA/22-23/159,10 August 2022,Karthi Apparels,SSHN22Y,Apparel,Yellow Sports Short,62034300,EX-TAX,5,22,Yellow,5,5,165,0,0,825.01,41.24,866.25,290,290
171,105,KA/22-23/159,10 August 2022,Karthi Apparels,SSHN24B,Apparel,Blue Sports Short,62034300,EX-TAX,5,24,Blue,8,8,177.5,0,0,1420,71.04,1491.04,320,320
172,105,KA/22-23/159,10 August 2022,Karthi Apparels,SSHN24G,Apparel,Green Sports Short,62034300,EX-TAX,5,24,Green,15,15,177.5,0,0,2662.5,133.2,2795.7,320,320
173,105,KA/22-23/159,10 August 2022,Karthi Apparels,SSHN24R,Apparel,Red Sports Short,62034300,EX-TAX,5,24,Red,9,9,177.5,0,0,1597.5,79.92,1677.42,320,320
174,105,KA/22-23/159,10 August 2022,Karthi Apparels,SSHN24Y,Apparel,Yellow Sports Short,62034300,EX-TAX,5,24,Yellow,18,18,177.5,0,0,3195,159.84,3354.84,320,320
175,106,KA/22-23/159,10 August 2022,Karthi Apparels,SSHN26B,Apparel,Blue Sports Short,,EX-TAX,5,26,Blue,14,14,185,0,0,2590,129.5,2719.5,320,320
176,106,KA/22-23/159,10 August 2022,Karthi Apparels,SSHN26G,Apparel,Green Sports Short,,EX-TAX,5,26,Green,28,28,185,0,0,5180,259,5439,320,320
177,106,KA/22-23/159,10 August 2022,Karthi Apparels,SSHN26R,Apparel,Red Sports Short,,EX-TAX,5,26,Red,15,15,185,0,0,2774.99,138.76,2913.75,320,320
178,106,KA/22-23/159,10 August 2022,Karthi Apparels,SSHN26Y,Apparel,Yellow Sports Short,,EX-TAX,5,26,Yellow,17,17,185,0,0,3145.01,157.24,3302.25,320,320
179,106,KA/22-23/159,10 August 2022,Karthi Apparels,SSHN28B,Apparel,Blue Sports Short,,EX-TAX,5,28,Blue,14,14,195,0,0,2730,136.5,2866.5,330,330
180,106,KA/22-23/159,10 August 2022,Karthi Apparels,SSHN28G,Apparel,Green Sports Short,,EX-TAX,5,28,Green,20,20,195,0,0,3900,195,4095,330,330
181,106,KA/22-23/159,10 August 2022,Karthi Apparels,SSHN28R,Apparel,Red Sports Short,,EX-TAX,5,28,Red,26,26,195,0,0,5070,253.5,5323.5,330,330
182,106,KA/22-23/159,10 August 2022,Karthi Apparels,SSHN28Y,Apparel,Yellow Sports Short,,EX-TAX,5,28,Yellow,14,14,195,0,0,2730,136.5,2866.5,330,330
183,106,KA/22-23/159,10 August 2022,Karthi Apparels,SSHN30B,Apparel,Blue Sports Short,,EX-TAX,5,30,Blue,19,19,210,0,0,3990,199.5,4189.5,340,340
184,106,KA/22-23/159,10 August 2022,Karthi Apparels,SSHN30G,Apparel,Green Sports Short,,EX-TAX,5,30,Green,18,18,210,0,0,3780,189,3969,340,340
185,106,KA/22-23/159,10 August 2022,Karthi Apparels,SSHN30R,Apparel,Red Sports Short,,EX-TAX,5,30,Red,25,25,210,0,0,5250,262.5,5512.5,340,340
186,106,KA/22-23/159,10 August 2022,Karthi Apparels,SSHN30Y,Apparel,Yellow Sports Short,,EX-TAX,5,30,Yellow,18,18,210,0,0,3780,189,3969,340,340
187,106,KA/22-23/159,10 August 2022,Karthi Apparels,SSHN32B,Apparel,Blue Sports Short,,EX-TAX,5,32,Blue,20,20,220,0,0,4400,220,4620,350,350
188,106,KA/22-23/159,10 August 2022,Karthi Apparels,SSHN32G,Apparel,Green Sports Short,,EX-TAX,5,32,Green,20,20,220,0,0,4400,220,4620,350,350
189,106,KA/22-23/159,10 August 2022,Karthi Apparels,SSHN32R,Apparel,Red Sports Short,,EX-TAX,5,32,Red,20,20,220,0,0,4400,220,4620,350,350
190,106,KA/22-23/159,10 August 2022,Karthi Apparels,SSHN32Y,Apparel,Yellow Sports Short,,EX-TAX,5,32,Yellow,20,20,220,0,0,4400,220,4620,350,350
191,106,KA/22-23/159,10 August 2022,Karthi Apparels,SSHN34B,Apparel,Blue Sports Short,,EX-TAX,5,34,Blue,10,10,227.5,0,0,2274.99,113.76,2388.75,360,360
192,106,KA/22-23/159,10 August 2022,Karthi Apparels,SSHN34G,Apparel,Green Sports Short,,EX-TAX,5,34,Green,10,10,227.5,0,0,2274.99,113.76,2388.75,360,360
193,106,KA/22-23/159,10 August 2022,Karthi Apparels,SSHN34R,Apparel,Red Sports Short,,EX-TAX,5,34,Red,10,10,227.5,0,0,2274.99,113.76,2388.75,360,360
194,106,KA/22-23/159,10 August 2022,Karthi Apparels,SSHN34Y,Apparel,Yellow Sports Short,,EX-TAX,5,34,Yellow,10,10,227.5,0,0,2274.99,113.76,2388.75,360,360
195,106,KA/22-23/159,10 August 2022,Karthi Apparels,SSHN36B,Apparel,Blue Sports Short,,EX-TAX,5,36,Blue,6,6,237.5,0,0,1425.01,71.24,1496.25,360,360
196,106,KA/22-23/159,10 August 2022,Karthi Apparels,SSHN36G,Apparel,Green Sports Short,,EX-TAX,5,36,Green,8,8,237.5,0,0,1900,95,1995,360,360
197,106,KA/22-23/159,10 August 2022,Karthi Apparels,SSHN36R,Apparel,Red Sports Short,,EX-TAX,5,36,Red,8,8,237.5,0,0,1900,95,1995,360,360
198,106,KA/22-23/159,10 August 2022,Karthi Apparels,SSHN36Y,Apparel,Yellow Sports Short,,EX-TAX,5,36,Yellow,8,8,237.5,0,0,1900,95,1995,360,360
199,106,KA/22-23/159,10 August 2022,Karthi Apparels,STN24B,Apparel,Blue Sports Track,,EX-TAX,5,24,Blue,2,2,177.5,0,0,354.99,17.76,372.75,320,320
200,106,KA/22-23/159,10 August 2022,Karthi Apparels,STN24G,Apparel,Green Sports Track,,EX-TAX,5,24,Green,2,2,177.5,0,0,354.99,17.76,372.75,320,320
201,106,KA/22-23/159,10 August 2022,Karthi Apparels,STN24R,Apparel,Red Sports Track,,EX-TAX,5,24,Red,2,2,177.5,0,0,354.99,17.76,372.75,320,320
202,106,KA/22-23/159,10 August 2022,Karthi Apparels,STN24Y,Apparel,Yellow Sports Track,,EX-TAX,5,24,Yellow,2,2,177.5,0,0,354.99,17.76,372.75,320,320
203,106,KA/22-23/159,10 August 2022,Karthi Apparels,STN26B,Apparel,Blue Sports Track,,EX-TAX,5,26,Blue,8,8,185,0,0,1480,74,1554,330,330
204,106,KA/22-23/159,10 August 2022,Karthi Apparels,STN26G,Apparel,Green Sports Track,,EX-TAX,5,26,Green,8,8,185,0,0,1480,74,1554,330,330
205,106,KA/22-23/159,10 August 2022,Karthi Apparels,STN26R,Apparel,Red Sports Track,,EX-TAX,5,26,Red,9,9,185,0,0,1665.01,83.24,1748.25,330,330
206,106,KA/22-23/159,10 August 2022,Karthi Apparels,STN26Y,Apparel,Yellow Sports Track,,EX-TAX,5,26,Yellow,14,14,185,0,0,2590,129.5,2719.5,330,330
207,106,KA/22-23/159,10 August 2022,Karthi Apparels,STN28B,Apparel,Blue Sports Track,,EX-TAX,5,28,Blue,20,20,195,0,0,3900,195,4095,350,350
208,106,KA/22-23/159,10 August 2022,Karthi Apparels,STN28G,Apparel,Green Sports Track,,EX-TAX,5,28,Green,20,20,195,0,0,3900,195,4095,350,350
209,106,KA/22-23/159,10 August 2022,Karthi Apparels,STN28R,Apparel,Red Sports Track,,EX-TAX,5,28,Red,15,15,195,0,0,2925.01,146.24,3071.25,350,350
210,106,KA/22-23/159,10 August 2022,Karthi Apparels,STN28Y,Apparel,Yellow Sports Track,,EX-TAX,5,28,Yellow,20,20,195,0,0,3900,195,4095,350,350
211,106,KA/22-23/159,10 August 2022,Karthi Apparels,STN30B,Apparel,Blue Sports Track,,EX-TAX,5,30,Blue,50,50,210,0,0,10500,525,11025,370,370
212,106,KA/22-23/159,10 August 2022,Karthi Apparels,STN30G,Apparel,Green Sports Track,,EX-TAX,5,30,Green,30,30,210,0,0,6300,315,6615,370,370
213,106,KA/22-23/159,10 August 2022,Karthi Apparels,STN30R,Apparel,Red Sports Track,0,EX-TAX,5,30,Red,30,30,210,0,0,6300,315,6615,370,370
214,106,KA/22-23/159,10 August 2022,Karthi Apparels,STN30Y,Apparel,Yellow Sports Track,,EX-TAX,5,30,Yellow,30,30,210,0,0,6300,315,6615,370,370
215,106,KA/22-23/159,10 August 2022,Karthi Apparels,STN32B,Apparel,Blue Sports Track,,EX-TAX,5,32,Blue,27,27,220,0,0,5940,297,6237,380,380
216,106,KA/22-23/159,10 August 2022,Karthi Apparels,STN32G,Apparel,Green Sports Track,,EX-TAX,5,32,Green,40,40,220,0,0,8800,440,9240,380,380
217,106,KA/22-23/159,10 August 2022,Karthi Apparels,STN32R,Apparel,Red Sports Track,,EX-TAX,5,32,Red,28,28,220,0,0,6160,308,6468,380,380
218,106,KA/22-23/159,10 August 2022,Karthi Apparels,STN32Y,Apparel,Yellow Sports Track,,EX-TAX,5,32,Yellow,54,54,220,0,0,11880,594,12474,380,380
219,106,KA/22-23/159,10 August 2022,Karthi Apparels,STN34B,Apparel,Blue Sports Track,,EX-TAX,5,34,Blue,35,35,227.5,0,0,7962.51,398.12,8360.63,400,400
220,106,KA/22-23/159,10 August 2022,Karthi Apparels,STN34G,Apparel,Green Sports Track,,EX-TAX,5,34,Green,60,60,227.5,0,0,13650,682.5,14332.5,400,400
221,106,KA/22-23/159,10 August 2022,Karthi Apparels,STN34R,Apparel,Red Sports Track,,EX-TAX,5,34,Red,34,34,227.5,0,0,7734.99,386.76,8121.75,400,400
222,106,KA/22-23/159,10 August 2022,Karthi Apparels,STN34Y,Apparel,Yellow Sports Track,0,EX-TAX,5,34,Yellow,30,30,227.5,0,0,6825.01,341.24,7166.25,400,400
223,106,KA/22-23/159,10 August 2022,Karthi Apparels,STN36B,Apparel,Blue Sports Track,0,EX-TAX,5,36,Blue,35,35,237.5,0,0,8312.51,415.62,8728.13,420,420
224,106,KA/22-23/159,10 August 2022,Karthi Apparels,STN36G,Apparel,Green Sports Track,62034300,EX-TAX,5,36,Green,35,35,237.5,0,0,8312.51,415.62,8728.13,420,420
225,106,KA/22-23/159,10 August 2022,Karthi Apparels,STN36R,Apparel,Red Sports Track,0,EX-TAX,5,36,Red,30,30,237.5,0,0,7125.01,356.24,7481.25,420,420
226,106,KA/22-23/159,10 August 2022,Karthi Apparels,STN36Y,Apparel,Yellow Sports Track,0,EX-TAX,5,36,Yellow,30,30,237.5,0,0,7125.01,356.24,7481.25,420,420
227,106,KA/22-23/159,10 August 2022,Karthi Apparels,STN38B,Apparel,Blue Sports Track,,EX-TAX,5,38,Blue,30,30,245,0,0,7350,367.5,7717.5,430,430
228,106,KA/22-23/159,10 August 2022,Karthi Apparels,STN38G,Apparel,Green Sports Track,,EX-TAX,5,38,Green,25,25,245,0,0,6125.01,306.24,6431.25,430,430
229,106,KA/22-23/159,10 August 2022,Karthi Apparels,STN38R,Apparel,Red Sports Track,,EX-TAX,5,38,Red,25,25,245,0,0,6125.01,306.24,6431.25,430,430
230,106,KA/22-23/159,10 August 2022,Karthi Apparels,STN38Y,Apparel,Yellow Sports Track,0,EX-TAX,5,38,Yellow,20,20,245,0,0,4900,245,5145,430,430
231,106,KA/22-23/159,10 August 2022,Karthi Apparels,STN40B,Apparel,Blue Sports Track,,EX-TAX,5,40,Blue,10,10,260,0,0,2600,130,2730,450,450
232,106,KA/22-23/159,10 August 2022,Karthi Apparels,STN40G,Apparel,Green Sports Track,,EX-TAX,5,40,Green,10,10,260,0,0,2600,130,2730,450,450
233,106,KA/22-23/159,10 August 2022,Karthi Apparels,STN40R,Apparel,Red Sports Track,,EX-TAX,5,40,Red,10,10,260,0,0,2600,130,2730,450,450
234,106,KA/22-23/159,10 August 2022,Karthi Apparels,STN40Y,Apparel,Yellow Sports Track,,EX-TAX,5,40,Yellow,10,10,260,0,0,2600,130,2730,450,450
235,106,KA/22-23/159,10 August 2022,Karthi Apparels,STN42B,Apparel,Blue Sports Track,,EX-TAX,5,42,Blue,4,4,265,0,0,1060,53,1113,460,460
236,106,KA/22-23/159,10 August 2022,Karthi Apparels,STN42G,Apparel,Green Sports Track,,EX-TAX,5,42,Green,2,2,265,0,0,530,26.5,556.5,460,460
237,106,KA/22-23/159,10 August 2022,Karthi Apparels,STN42R,Apparel,Red Sports Track,,EX-TAX,5,42,Red,2,2,265,0,0,530,26.5,556.5,460,460
238,106,KA/22-23/159,10 August 2022,Karthi Apparels,STN42Y,Apparel,Yellow Sports Track,,EX-TAX,5,42,Yellow,2,2,265,0,0,530,26.5,556.5,460,460
239,106,KA/22-23/159,10 August 2022,Karthi Apparels,STN44B,Apparel,Blue Sports Track,,EX-TAX,5,44,Blue,4,4,285,0,0,1140,57,1197,480,480
240,106,KA/22-23/159,10 August 2022,Karthi Apparels,STN44G,Apparel,Green Sports Track,,EX-TAX,5,44,Green,2,2,285,0,0,570,28.5,598.5,480,480
241,106,KA/22-23/159,10 August 2022,Karthi Apparels,STN44R,Apparel,Red Sports Track,,EX-TAX,5,44,Red,2,2,285,0,0,570,28.5,598.5,480,480
242,106,KA/22-23/159,10 August 2022,Karthi Apparels,STN44Y,Apparel,Yellow Sports Track,,EX-TAX,5,44,Yellow,2,2,285,0,0,570,28.5,598.5,480,480
243,106,KA/22-23/159,10 August 2022,Karthi Apparels,SSN24G,Apparel,Green Sports Shirt,,EX-TAX,5,24,Green,13,13,177.5,0,0,2307.5,115.38,2422.88,310,310
244,106,KA/22-23/159,10 August 2022,Karthi Apparels,SSN24R,Apparel,Red Sports Shirt,,EX-TAX,5,24,Red,8,8,177.5,0,0,1420,71,1491,310,310
245,106,KA/22-23/159,10 August 2022,Karthi Apparels,SSN24Y,Apparel,Yellow Sports Shirt,,EX-TAX,5,24,Yellow,11,11,177.5,0,0,1952.51,97.62,2050.13,310,310
246,106,KA/22-23/159,10 August 2022,Karthi Apparels,SSN26B,Apparel,Blue Sports Track,,EX-TAX,5,26,Blue,12,12,185,0,0,2220,111,2331,320,320
247,106,KA/22-23/159,10 August 2022,Karthi Apparels,SSN26G,Apparel,Green Sports Shirt,,EX-TAX,5,26,Green,14,14,185,0,0,2590,129.5,2719.5,320,320
248,106,KA/22-23/159,10 August 2022,Karthi Apparels,SSN26R,Apparel,Red Sports Shirt,,EX-TAX,5,26,Red,10,10,185,0,0,1850,92.5,1942.5,320,320
249,106,KA/22-23/159,10 August 2022,Karthi Apparels,SSN26Y,Apparel,Yellow Sports Shirt,,EX-TAX,5,26,Yellow,13,13,185,0,0,2405.01,120.24,2525.25,320,320
250,106,KA/22-23/159,10 August 2022,Karthi Apparels,SSN28B,Apparel,Blue Sports Shirt,,EX-TAX,5,28,Blue,24,24,195,0,0,4680,234,4914,340,340
251,106,KA/22-23/159,10 August 2022,Karthi Apparels,SSN28G,Apparel,Green Sports Shirt,,EX-TAX,5,28,Green,25,25,195,0,0,4874.99,243.76,5118.75,340,340
252,106,KA/22-23/159,10 August 2022,Karthi Apparels,SSN28R,Apparel,Red Sports Shirt,,EX-TAX,5,28,Red,18,18,195,0,0,3510,175.5,3685.5,340,340
253,106,KA/22-23/159,10 August 2022,Karthi Apparels,SSN28Y,Apparel,Yellow Sports Shirt,,EX-TAX,5,28,Yellow,30,30,195,0,0,5850,292.5,6142.5,340,340
372,124,KA/22-23/229,03 October 2023,Karthi Apparels,SSN28B,Apparel,Blue Sports Shirt,,EX-TAX,5,28,Blue,50,50,195,0,0,9750,487.5,10237.5,340,340
255,106,KA/22-23/159,10 August 2022,Karthi Apparels,SSN30G,Apparel,Green Sports Shirt,,EX-TAX,5,30,Green,20,20,210,0,0,4200,210,4410,350,350
256,106,KA/22-23/159,10 August 2022,Karthi Apparels,SSN30R,Apparel,Red Sports Shirt,,EX-TAX,5,30,Red,63,63,210,0,0,13230,661.5,13891.5,350,350
257,106,KA/22-23/159,10 August 2022,Karthi Apparels,SSN30Y,Apparel,Yellow Sports Shirt,,EX-TAX,5,30,Yellow,28,28,210,0,0,5880,294,6174,350,350
254,106,KA/22-23/159,10 August 2022,Karthi Apparels,SSN30B,Apparel,Blue Sports Shirt,0,EX-TAX,5,30,Blue,14,14,210,0,0,2940,147,3087,350,350
259,106,KA/22-23/159,10 August 2022,Karthi Apparels,SSN32G,Apparel,Green Sports Shirt,,EX-TAX,5,32,Green,31,31,220,0,0,6820,341,7161,360,360
260,106,KA/22-23/159,10 August 2022,Karthi Apparels,SSN32R,Apparel,Red Sports Shirt,,EX-TAX,5,32,Red,49,49,220,0,0,10780,539,11319,360,360
261,106,KA/22-23/159,10 August 2022,Karthi Apparels,SSN32Y,Apparel,Yellow Sports Shirt,,EX-TAX,5,32,Yellow,26,26,220,0,0,5720,286,6006,360,360
292,110,KA/22-23/172,11 November 2022,Karthi Apparels,SSN30B,Apparel,Blue Sports Shirt,0,EX-TAX,5,30,Blue,15,15,210,0,0,3150,157.5,3307.5,350,350
263,106,KA/22-23/159,10 August 2022,Karthi Apparels,SSN34G,Apparel,Green Sports Shirt,,EX-TAX,5,34,Green,42,42,227.5,0,0,9554.99,477.76,10032.75,370,370
264,106,KA/22-23/159,10 August 2022,Karthi Apparels,SSN34R,Apparel,Red Sports Shirt,,EX-TAX,5,34,Red,17,17,227.5,0,0,3867.5,193.38,4060.88,370,370
265,106,KA/22-23/159,10 August 2022,Karthi Apparels,SSN34Y,Apparel,Yellow Sports Shirt,0,EX-TAX,5,34,Yellow,52,52,227.5,0,0,11830,591.5,12421.5,370,370
368,124,KA/22-23/229,03 October 2023,Karthi Apparels,SSN30B,Apparel,Blue Sports Shirt,0,EX-TAX,5,30,Blue,80,80,210,0,0,16800,840,17640,350,350
267,106,KA/22-23/159,10 August 2022,Karthi Apparels,SSN36G,Apparel,Green Sports Shirt,,EX-TAX,5,36,Green,46,46,237.5,0,0,10925.01,546.24,11471.25,380,380
268,106,KA/22-23/159,10 August 2022,Karthi Apparels,SSN36R,Apparel,Red Sports Shirt,,EX-TAX,5,36,Red,30,30,237.5,0,0,7125.01,356.24,7481.25,380,380
269,106,KA/22-23/159,10 August 2022,Karthi Apparels,SSN36Y,Apparel,Yellow Sports Shirt,0,EX-TAX,5,36,Yellow,28,28,237.5,0,0,6650,332.5,6982.5,380,380
258,106,KA/22-23/159,10 August 2022,Karthi Apparels,SSN32B,Apparel,Blue Sports Shirt,,EX-TAX,5,32,Blue,30,30,220,0,0,6600,330,6930,360,360
271,106,KA/22-23/159,10 August 2022,Karthi Apparels,SSN38G,Apparel,Green Sports Shirt,,EX-TAX,5,38,Green,38,38,245,0,0,9310,465.5,9775.5,390,390
272,106,KA/22-23/159,10 August 2022,Karthi Apparels,SSN38R,Apparel,Red Sports Shirt,,EX-TAX,5,38,Red,48,48,245,0,0,11760,588,12348,390,390
273,106,KA/22-23/159,10 August 2022,Karthi Apparels,SSN38Y,Apparel,Yellow Sports Shirt,,EX-TAX,5,38,Yellow,37,37,245,0,0,9065.01,453.24,9518.25,390,390
365,124,KA/22-23/229,03 October 2023,Karthi Apparels,SSN32B,Apparel,Blue Sports Shirt,,EX-TAX,5,32,Blue,70,70,220,0,0,15400,770,16170,360,360
275,106,KA/22-23/159,10 August 2022,Karthi Apparels,SSN40G,Apparel,Green Sports Shirt,,EX-TAX,5,40,Green,6,6,260,0,0,1560,78,1638,420,420
276,106,KA/22-23/159,10 August 2022,Karthi Apparels,SSN40R,Apparel,Red Sports Shirt,0,EX-TAX,5,40,Red,5,5,260,0,0,1300,65,1365,420,420
277,106,KA/22-23/159,10 August 2022,Karthi Apparels,SSN40Y,Apparel,Yellow Sports Shirt,0,EX-TAX,5,40,Yellow,4,4,260,0,0,1040,52,1092,420,420
262,106,KA/22-23/159,10 August 2022,Karthi Apparels,SSN34B,Apparel,Blue Sports Shirt,,EX-TAX,5,34,Blue,38,38,227.5,0,0,8645.01,432.24,9077.25,370,370
279,106,KA/22-23/159,10 August 2022,Karthi Apparels,SSN42G,Apparel,Green Sports Shirt,,EX-TAX,5,42,Green,3,3,265,0,0,794.99,39.76,834.75,440,440
280,106,KA/22-23/159,10 August 2022,Karthi Apparels,SSN42R,Apparel,Red Sports Shirt,,EX-TAX,5,42,Red,2,2,265,0,0,530,26.5,556.5,440,440
281,106,KA/22-23/159,10 August 2022,Karthi Apparels,SSN42Y,Apparel,Yellow Sports Shirt,,EX-TAX,5,42,Yellow,2,2,265,0,0,530,26.5,556.5,440,440
361,124,KA/22-23/229,03 October 2023,Karthi Apparels,SSN34B,Apparel,Blue Sports Shirt,,EX-TAX,5,34,Blue,89,89,227.5,0,0,20247.5,1012.38,21259.88,370,370
283,106,KA/22-23/159,10 August 2022,Karthi Apparels,SSN44G,Apparel,Green Sports Shirt,,EX-TAX,5,44,Green,1,1,285,0,0,285.01,14.24,299.25,460,460
284,106,KA/22-23/159,10 August 2022,Karthi Apparels,SSN44R,Apparel,Red Sports Shirt,,EX-TAX,5,44,Red,1,1,285,0,0,285.01,14.24,299.25,460,460
285,106,KA/22-23/159,10 August 2022,Karthi Apparels,SSN44Y,Apparel,Yellow Sports Shirt,,EX-TAX,5,44,Yellow,2,2,285,0,0,570,28.5,598.5,460,460
286,110,KA/22-23/172,11 November 2022,Karthi Apparels,STN34Y,Apparel,Yellow Sports Track,0,EX-TAX,5,34,Yellow,15,15,227.5,0,0,3412.51,170.62,3583.13,400,400
287,110,KA/22-23/172,11 November 2022,Karthi Apparels,STN34B,Apparel,Blue Sports Track,,EX-TAX,5,34,Blue,15,15,227.5,0,0,3412.51,170.62,3583.13,400,400
288,110,KA/22-23/172,11 November 2022,Karthi Apparels,STN36Y,Apparel,Yellow Sports Track,0,EX-TAX,5,36,Yellow,15,15,237.5,0,0,3562.51,178.12,3740.63,420,420
289,110,KA/22-23/172,11 November 2022,Karthi Apparels,STN36R,Apparel,Red Sports Track,0,EX-TAX,5,36,Red,15,15,237.5,0,0,3562.51,178.12,3740.63,420,420
290,110,KA/22-23/172,11 November 2022,Karthi Apparels,STN36B,Apparel,Blue Sports Track,0,EX-TAX,5,36,Blue,15,15,237.5,0,0,3562.51,178.12,3740.63,420,420
291,110,KA/22-23/172,11 November 2022,Karthi Apparels,STN38Y,Apparel,Yellow Sports Track,0,EX-TAX,5,38,Yellow,15,15,245,0,0,3674.99,183.76,3858.75,430,430
266,106,KA/22-23/159,10 August 2022,Karthi Apparels,SSN36B,Apparel,Blue Sports Shirt,,EX-TAX,5,36,Blue,42,42,237.5,0,0,9974.99,498.76,10473.75,380,380
293,110,KA/22-23/172,11 November 2022,Karthi Apparels,SSN34Y,Apparel,Yellow Sports Shirt,0,EX-TAX,5,34,Yellow,15,15,227.5,0,0,3412.51,170.62,3583.13,370,370
294,110,KA/22-23/172,11 November 2022,Karthi Apparels,SSN36Y,Apparel,Yellow Sports Shirt,0,EX-TAX,5,36,Yellow,15,15,237.5,0,0,3562.51,178.12,3740.63,380,380
295,114,KA/22-23/182,12 February 2022,Karthi Apparels,HD26,Apparel,Hoodies,61102000,EX-TAX,5,26,Gray,233,233,425,0,0,99025.01,4951.24,103976.25,680,680
296,114,KA/22-23/182,12 February 2022,Karthi Apparels,HD30,Apparel,Hoodies,61102000,EX-TAX,5,30,Gray,170,170,445,0,0,75650,3782.5,79432.5,720,720
297,114,KA/22-23/182,12 February 2022,Karthi Apparels,HD32,Apparel,Hoodies,61102000,EX-TAX,5,32,Gray,233,233,455,0,0,106014.99,5300.76,111315.75,730,730
298,114,KA/22-23/182,12 February 2022,Karthi Apparels,HD34,Apparel,Hoodies,61102000,EX-TAX,5,34,Gray,235,235,465,0,0,109274.99,5463.76,114738.75,740,740
299,114,KA/22-23/182,12 February 2022,Karthi Apparels,HD36,Apparel,Hoodies,61102000,EX-TAX,5,36,Gray,170,170,475,0,0,80750,4037.5,84787.5,760,760
300,116,KA/22-23/186,12 December 2022,Karthi Apparels,HD22,Apparel,Hoodies,61102000,EX-TAX,5,22,Gray,14,14,380,0,0,5320,266,5586,640,640
301,116,KA/22-23/186,12 December 2022,Karthi Apparels,HD24,Apparel,Hoodies,61102000,EX-TAX,5,24,Gray,95,95,400,0,0,38000,1900,39900,660,660
302,116,KA/22-23/186,12 December 2022,Karthi Apparels,HD26,Apparel,Hoodies,61102000,EX-TAX,5,26,Gray,26,26,425,0,0,11050,552.5,11602.5,680,680
303,116,KA/22-23/186,12 December 2022,Karthi Apparels,HD28,Apparel,Hoodies,61102000,EX-TAX,5,28,Gray,200,200,435,0,0,87000,4350,91350,700,700
304,116,KA/22-23/186,12 December 2022,Karthi Apparels,HD30,Apparel,Hoodies,61102000,EX-TAX,5,30,Gray,27,27,445,0,0,12014.99,600.76,12615.75,720,720
305,116,KA/22-23/186,12 December 2022,Karthi Apparels,HD32,Apparel,Hoodies,61102000,EX-TAX,5,32,Gray,23,23,455,0,0,10465.01,523.24,10988.25,730,730
306,116,KA/22-23/186,12 December 2022,Karthi Apparels,HD34,Apparel,Hoodies,61102000,EX-TAX,5,34,Gray,32,32,465,0,0,14880,744,15624,740,740
307,116,KA/22-23/186,12 December 2022,Karthi Apparels,HD36,Apparel,Hoodies,61102000,EX-TAX,5,36,Gray,6,6,475,0,0,2850,142.5,2992.5,760,760
308,116,KA/22-23/186,12 December 2022,Karthi Apparels,HD38,Apparel,Hoodies,61102000,EX-TAX,5,38,Gray,100,100,485,0,0,48500,2425,50925,780,780
309,116,KA/22-23/186,12 December 2022,Karthi Apparels,HD40,Apparel,Hoodies,0,EX-TAX,5,40,Gray,40,40,500,0,0,20000,1000,21000,790,790
310,116,KA/22-23/186,12 December 2022,Karthi Apparels,HD42,Apparel,Hoodies,0,EX-TAX,5,40,Gray,11,11,520,0,0,5720,286,6006,800,800
311,116,KA/22-23/186,12 December 2022,Karthi Apparels,SSN28R,Apparel,Red Sports Shirt,,EX-TAX,5,28,Red,20,20,195,0,0,3900,195,4095,340,340
312,116,KA/22-23/186,12 December 2022,Karthi Apparels,SSHN24R,Apparel,Red Sports Short,62034300,EX-TAX,5,24,Red,20,20,177.5,0,0,3550,177.5,3727.5,320,320
313,116,KA/22-23/186,12 December 2022,Karthi Apparels,SSHN24B,Apparel,Blue Sports Short,62034300,EX-TAX,5,24,Blue,20,20,177.5,0,0,3550,177.5,3727.5,320,320
314,116,KA/22-23/186,12 December 2022,Karthi Apparels,SSHN26R,Apparel,Red Sports Short,,EX-TAX,5,26,Red,20,20,185,0,0,3700,185,3885,320,320
315,116,KA/22-23/186,12 December 2022,Karthi Apparels,STN32R,Apparel,Red Sports Track,,EX-TAX,5,32,Red,20,20,220,0,0,4400,220,4620,380,380
316,116,KA/22-23/186,12 December 2022,Karthi Apparels,HDNVT26,Apparel,Hoodies Navy Track,61102000,EX-TAX,5,26,Navy,93,93,420,0,0,39060,1953,41013,670,670
317,116,KA/22-23/186,12 December 2022,Karthi Apparels,HDNVT24,Apparel,Hoodies Navy Track,61102000,EX-TAX,5,24,Navy,92,92,400,0,0,36800,1840,38640,640,640
318,116,KA/22-23/186,12 December 2022,Karthi Apparels,HDNVT22,Apparel,Hoodies Navy Track,61102000,EX-TAX,5,22,Navy,47,47,380,0,0,17860,893,18753,610,610
319,116,KA/22-23/186,12 December 2022,Karthi Apparels,HDNV24,Apparel,Hoodies Navy,61102000,EX-TAX,5,24,Navy,49,49,420,0,0,20580,1029,21609,670,670
320,116,KA/22-23/186,12 December 2022,Karthi Apparels,HDNV22,Apparel,Hoodies Navy,61102000,EX-TAX,5,22,Navy,46,46,400,0,0,18400,920,19320,640,640
321,116,KA/22-23/186,12 December 2022,Karthi Apparels,HDNV20,Apparel,Hoodies Navy,61102000,EX-TAX,5,20,Navy,42,42,380,0,0,15960,798,16758,610,610
322,116,KA/22-23/186,12 December 2022,Karthi Apparels,HDNV18,Apparel,Hoodies Navy,61102000,EX-TAX,5,18,Navy,37,37,370,0,0,13690,684.5,14374.5,600,600
323,116,KA/22-23/186,12 December 2022,Karthi Apparels,HDNV16,Apparel,Hoodies Navy,61102000,EX-TAX,5,16,Navy,18,18,360,0,0,6480,324,6804,580,580
324,124,KA/22-23/229,03 October 2023,Karthi Apparels,SSHN24B,Apparel,Blue Sports Short,62034300,EX-TAX,5,24,Blue,31,31,177.5,0,0,5502.51,275.12,5777.63,320,320
325,124,KA/22-23/229,03 October 2023,Karthi Apparels,SSHN24G,Apparel,Green Sports Short,62034300,EX-TAX,5,24,Green,30,30,177.5,0,0,5325.01,266.24,5591.25,320,320
326,124,KA/22-23/229,03 October 2023,Karthi Apparels,SSHN24R,Apparel,Red Sports Short,62034300,EX-TAX,5,24,Red,30,30,177.5,0,0,5325.01,266.24,5591.25,320,320
327,124,KA/22-23/229,03 October 2023,Karthi Apparels,SSHN24Y,Apparel,Yellow Sports Short,62034300,EX-TAX,5,24,Yellow,10,10,177.5,0,0,1774.99,88.76,1863.75,320,320
328,124,KA/22-23/229,03 October 2023,Karthi Apparels,SSHN26B,Apparel,Blue Sports Short,,EX-TAX,5,26,Blue,40,40,185,0,0,7400,370,7770,320,320
329,124,KA/22-23/229,03 October 2023,Karthi Apparels,SSHN26G,Apparel,Green Sports Short,,EX-TAX,5,26,Green,30,30,185,0,0,5550,277.5,5827.5,320,320
330,124,KA/22-23/229,03 October 2023,Karthi Apparels,SSHN26R,Apparel,Red Sports Short,,EX-TAX,5,26,Red,62,62,185,0,0,11470,573.5,12043.5,320,320
331,124,KA/22-23/229,03 October 2023,Karthi Apparels,SSHN26Y,Apparel,Yellow Sports Short,,EX-TAX,5,26,Yellow,20,20,185,0,0,3700,185,3885,320,320
332,124,KA/22-23/229,03 October 2023,Karthi Apparels,SSHN28B,Apparel,Blue Sports Short,,EX-TAX,5,28,Blue,30,30,195,0,0,5850,292.5,6142.5,330,330
333,124,KA/22-23/229,03 October 2023,Karthi Apparels,SSHN28G,Apparel,Green Sports Short,,EX-TAX,5,28,Green,10,10,195,0,0,1950,97.5,2047.5,330,330
334,124,KA/22-23/229,03 October 2023,Karthi Apparels,SSHN28Y,Apparel,Yellow Sports Short,,EX-TAX,5,28,Yellow,20,20,195,0,0,3900,195,4095,330,330
335,124,KA/22-23/229,03 October 2023,Karthi Apparels,SSHN30Y,Apparel,Yellow Sports Short,,EX-TAX,5,30,Yellow,20,20,210,0,0,4200,210,4410,340,340
336,124,KA/22-23/229,03 October 2023,Karthi Apparels,STN32B,Apparel,Blue Sports Track,,EX-TAX,5,32,Blue,37,37,220,0,0,8140,407,8547,380,380
337,124,KA/22-23/229,03 October 2023,Karthi Apparels,STN32G,Apparel,Green Sports Track,,EX-TAX,5,32,Green,79,79,220,0,0,17380,869,18249,380,380
338,124,KA/22-23/229,03 October 2023,Karthi Apparels,STN32R,Apparel,Red Sports Track,,EX-TAX,5,32,Red,39,39,220,0,0,8580,429,9009,380,380
339,124,KA/22-23/229,03 October 2023,Karthi Apparels,STN32Y,Apparel,Yellow Sports Track,,EX-TAX,5,32,Yellow,39,39,220,0,0,8580,429,9009,380,380
340,124,KA/22-23/229,03 October 2023,Karthi Apparels,STN34B,Apparel,Blue Sports Track,,EX-TAX,5,34,Blue,66,66,227.5,0,0,15014.99,750.76,15765.75,400,400
341,124,KA/22-23/229,03 October 2023,Karthi Apparels,STN34R,Apparel,Red Sports Track,,EX-TAX,5,34,Red,60,60,227.5,0,0,13650,682.5,14332.5,400,400
342,124,KA/22-23/229,03 October 2023,Karthi Apparels,STN34Y,Apparel,Yellow Sports Track,0,EX-TAX,5,34,Yellow,70,70,227.5,0,0,15925.01,796.24,16721.25,400,400
343,124,KA/22-23/229,03 October 2023,Karthi Apparels,STN36B,Apparel,Blue Sports Track,0,EX-TAX,5,36,Blue,80,80,237.5,0,0,19000,950,19950,420,420
344,124,KA/22-23/229,03 October 2023,Karthi Apparels,STN36G,Apparel,Green Sports Track,62034300,EX-TAX,5,36,Green,69,69,237.5,0,0,16387.5,819.38,17206.88,420,420
345,124,KA/22-23/229,03 October 2023,Karthi Apparels,STN40Y,Apparel,Yellow Sports Track,,EX-TAX,5,40,Yellow,20,20,260,0,0,5200,260,5460,450,450
346,124,KA/22-23/229,03 October 2023,Karthi Apparels,STN40R,Apparel,Red Sports Track,,EX-TAX,5,40,Red,10,10,260,0,0,2600,130,2730,450,450
347,124,KA/22-23/229,03 October 2023,Karthi Apparels,STN40G,Apparel,Green Sports Track,,EX-TAX,5,40,Green,20,20,260,0,0,5200,260,5460,450,450
348,124,KA/22-23/229,03 October 2023,Karthi Apparels,STN40B,Apparel,Blue Sports Track,,EX-TAX,5,40,Blue,10,10,260,0,0,2600,130,2730,450,450
349,124,KA/22-23/229,03 October 2023,Karthi Apparels,STN38Y,Apparel,Yellow Sports Track,0,EX-TAX,5,38,Yellow,28,28,245,0,0,6860,343,7203,430,430
350,124,KA/22-23/229,03 October 2023,Karthi Apparels,STN38R,Apparel,Red Sports Track,,EX-TAX,5,38,Red,30,30,245,0,0,7350,367.5,7717.5,430,430
351,124,KA/22-23/229,03 October 2023,Karthi Apparels,STN38G,Apparel,Green Sports Track,,EX-TAX,5,38,Green,20,20,245,0,0,4900,245,5145,430,430
352,124,KA/22-23/229,03 October 2023,Karthi Apparels,STN38B,Apparel,Blue Sports Track,,EX-TAX,5,38,Blue,20,20,245,0,0,4900,245,5145,430,430
353,124,KA/22-23/229,03 October 2023,Karthi Apparels,STN36Y,Apparel,Yellow Sports Track,0,EX-TAX,5,36,Yellow,59,59,237.5,0,0,14012.51,700.62,14713.13,420,420
354,124,KA/22-23/229,03 October 2023,Karthi Apparels,STN36R,Apparel,Red Sports Track,0,EX-TAX,5,36,Red,80,80,237.5,0,0,19000,950,19950,420,420
355,124,KA/22-23/229,03 October 2023,Karthi Apparels,SSN26R,Apparel,Red Sports Shirt,,EX-TAX,5,26,Red,10,10,185,0,0,1850,92.5,1942.5,320,320
356,124,KA/22-23/229,03 October 2023,Karthi Apparels,SSN26G,Apparel,Green Sports Shirt,,EX-TAX,5,26,Green,20,20,185,0,0,3700,185,3885,320,320
357,124,KA/22-23/229,03 October 2023,Karthi Apparels,SSN26B,Apparel,Blue Sports Track,,EX-TAX,5,26,Blue,21,21,185,0,0,3885.01,194.24,4079.25,320,320
358,124,KA/22-23/229,03 October 2023,Karthi Apparels,SSN18R,Apparel,Red Sports Shirt,0,EX-TAX,5,18,Red,10,10,157.5,0,0,1574.99,78.76,1653.75,290,290
359,124,KA/22-23/229,03 October 2023,Karthi Apparels,SSN26R,Apparel,Red Sports Shirt,,EX-TAX,5,26,Red,10,10,185,0,0,1850,92.5,1942.5,320,320
360,124,KA/22-23/229,03 October 2023,Karthi Apparels,SSN34G,Apparel,Green Sports Shirt,,EX-TAX,5,34,Green,71,71,227.5,0,0,16152.51,807.62,16960.13,370,370
384,124,KA/22-23/229,03 October 2023,Karthi Apparels,SSN36B,Apparel,Blue Sports Shirt,,EX-TAX,5,36,Blue,32,32,237.5,0,0,7600,380,7980,380,380
362,124,KA/22-23/229,03 October 2023,Karthi Apparels,SSN32Y,Apparel,Yellow Sports Shirt,,EX-TAX,5,32,Yellow,69,69,220,0,0,15180,759,15939,360,360
363,124,KA/22-23/229,03 October 2023,Karthi Apparels,SSN32R,Apparel,Red Sports Shirt,,EX-TAX,5,32,Red,50,50,220,0,0,11000,550,11550,360,360
364,124,KA/22-23/229,03 October 2023,Karthi Apparels,SSN32G,Apparel,Green Sports Shirt,,EX-TAX,5,32,Green,73,73,220,0,0,16060,803,16863,360,360
270,106,KA/22-23/159,10 August 2022,Karthi Apparels,SSN38B,Apparel,Blue Sports Shirt,,EX-TAX,5,38,Blue,24,24,245,0,0,5880,294,6174,390,390
366,124,KA/22-23/229,03 October 2023,Karthi Apparels,SSN30Y,Apparel,Yellow Sports Shirt,,EX-TAX,5,30,Yellow,90,90,210,0,0,18900,945,19845,350,350
367,124,KA/22-23/229,03 October 2023,Karthi Apparels,SSN30G,Apparel,Green Sports Shirt,,EX-TAX,5,30,Green,61,61,210,0,0,12810,640.5,13450.5,350,350
380,124,KA/22-23/229,03 October 2023,Karthi Apparels,SSN38B,Apparel,Blue Sports Shirt,,EX-TAX,5,38,Blue,20,20,245,0,0,4900,245,5145,390,390
369,124,KA/22-23/229,03 October 2023,Karthi Apparels,SSN28Y,Apparel,Yellow Sports Shirt,,EX-TAX,5,28,Yellow,39,39,195,0,0,7605.01,380.24,7985.25,340,340
370,124,KA/22-23/229,03 October 2023,Karthi Apparels,SSN28R,Apparel,Red Sports Shirt,,EX-TAX,5,28,Red,78,78,195,0,0,15210,760.5,15970.5,340,340
371,124,KA/22-23/229,03 October 2023,Karthi Apparels,SSN28G,Apparel,Green Sports Shirt,,EX-TAX,5,28,Green,70,70,195,0,0,13650,682.5,14332.5,340,340
274,106,KA/22-23/159,10 August 2022,Karthi Apparels,SSN40B,Apparel,Blue Sports Shirt,,EX-TAX,5,40,Blue,5,5,260,0,0,1300,65,1365,420,420
373,124,KA/22-23/229,03 October 2023,Karthi Apparels,SSN26R,Apparel,Red Sports Shirt,,EX-TAX,5,26,Red,10,10,185,0,0,1850,92.5,1942.5,320,320
374,124,KA/22-23/229,03 October 2023,Karthi Apparels,SSN26B,Apparel,Blue Sports Track,,EX-TAX,5,26,Blue,22,22,185,0,0,4070,203.5,4273.5,320,320
375,124,KA/22-23/229,03 October 2023,Karthi Apparels,SSN34Y,Apparel,Yellow Sports Shirt,0,EX-TAX,5,34,Yellow,78,78,227.5,0,0,17745.01,887.24,18632.25,370,370
376,124,KA/22-23/229,03 October 2023,Karthi Apparels,SSN34R,Apparel,Red Sports Shirt,,EX-TAX,5,34,Red,50,50,227.5,0,0,11374.99,568.76,11943.75,370,370
377,124,KA/22-23/229,03 October 2023,Karthi Apparels,SSN26R,Apparel,Red Sports Shirt,,EX-TAX,5,26,Red,10,10,185,0,0,1850,92.5,1942.5,320,320
378,124,KA/22-23/229,03 October 2023,Karthi Apparels,SSN42G,Apparel,Green Sports Shirt,,EX-TAX,5,42,Green,10,10,265,0,0,2650,132.5,2782.5,440,440
379,124,KA/22-23/229,03 October 2023,Karthi Apparels,SSN40R,Apparel,Red Sports Shirt,0,EX-TAX,5,40,Red,10,10,260,0,0,2600,130,2730,420,420
278,106,KA/22-23/159,10 August 2022,Karthi Apparels,SSN42B,Apparel,Blue Sports Shirt,0,EX-TAX,5,42,Blue,3,3,265,0,0,794.99,39.76,834.75,440,440
381,124,KA/22-23/229,03 October 2023,Karthi Apparels,SSN36Y,Apparel,Yellow Sports Shirt,0,EX-TAX,5,36,Yellow,61,61,237.5,0,0,14487.5,724.38,15211.88,380,380
382,124,KA/22-23/229,03 October 2023,Karthi Apparels,SSN36R,Apparel,Red Sports Shirt,,EX-TAX,5,36,Red,49,49,237.5,0,0,11637.5,581.88,12219.38,380,380
383,124,KA/22-23/229,03 October 2023,Karthi Apparels,SSN36G,Apparel,Green Sports Shirt,,EX-TAX,5,36,Green,10,10,237.5,0,0,2374.99,118.76,2493.75,380,380
282,106,KA/22-23/159,10 August 2022,Karthi Apparels,SSN44B,Apparel,Blue Sports Shirt,,EX-TAX,5,44,Blue,2,2,285,0,0,570,28.5,598.5,460,460
385,124,KA/22-23/229,03 October 2023,Karthi Apparels,SSN26R,Apparel,Red Sports Shirt,,EX-TAX,5,26,Red,10,10,185,0,0,1850,92.5,1942.5,320,320
386,125,KA/22-23/219,28/02/2023,Karthi Apparels,HD22,Apparel,Hoodies,61102000,INC-TAX,5,22,Gray,5,5,380,0,0,1809.52,90.48,1900,640,640
387,125,KA/22-23/219,28/02/2023,Karthi Apparels,HD24,Apparel,Hoodies,61102000,INC-TAX,5,24,Gray,5,5,400,0,0,1904.76,95.24,2000,660,660
388,125,KA/22-23/219,28/02/2023,Karthi Apparels,HD26,Apparel,Hoodies,61102000,INC-TAX,5,26,Gray,13,13,425,0,0,5261.9,263.1,5525,680,680
389,125,KA/22-23/219,28/02/2023,Karthi Apparels,HD30,Apparel,Hoodies,61102000,INC-TAX,5,30,Gray,7,7,445,0,0,2966.66,148.34,3115,720,720
390,125,KA/22-23/219,28/02/2023,Karthi Apparels,HD32,Apparel,Hoodies,61102000,INC-TAX,5,32,Gray,18,18,455,0,0,7800,390,8190,730,730
391,125,KA/22-23/219,28/02/2023,Karthi Apparels,HDNV16,Apparel,Hoodies Navy,61102000,INC-TAX,5,16,Navy,2,2,360,0,0,685.72,34.28,720,580,580
392,125,KA/22-23/219,28/02/2023,Karthi Apparels,HDNV18,Apparel,Hoodies Navy,61102000,INC-TAX,5,18,Navy,3,3,370,0,0,1057.14,52.86,1110,600,600
393,125,KA/22-23/219,28/02/2023,Karthi Apparels,HDNV20,Apparel,Hoodies Navy,61102000,INC-TAX,5,20,Navy,13,13,380,0,0,4704.76,235.24,4940,610,610
394,125,KA/22-23/219,28/02/2023,Karthi Apparels,HDNV24,Apparel,Hoodies Navy,61102000,INC-TAX,5,24,Navy,2,2,420,0,0,800,40,840,670,670
395,125,KA/22-23/219,28/02/2023,Karthi Apparels,HDNVT22,Apparel,Hoodies Navy Track,61102000,INC-TAX,5,22,Navy,4,4,380,0,0,1447.62,72.38,1520,610,610
396,125,KA/22-23/219,28/02/2023,Karthi Apparels,HDNVT24,Apparel,Hoodies Navy Track,61102000,INC-TAX,5,24,Navy,1,1,400,0,0,380.96,19.04,400,640,640
397,125,KA/22-23/219,28/02/2023,Karthi Apparels,HDNVT26,Apparel,Hoodies Navy Track,61102000,INC-TAX,5,26,Navy,6,6,420,0,0,2400,120,2520,670,670
398,93,2560,29/06/2022,Sai Book House,NLGC1,Stationary,New Learners's Grammar and Composition 1,0,Non GST,0,1,White,136,136,270,20,54,29376,0,29376,270,270
399,93,2560,29/06/2022,Sai Book House,NLGC2,Stationary,New Learners's Grammar and Composition 2,0,Non GST,0,2,White,160,160,310,20,62,39680,0,39680,310,310
400,93,2560,29/06/2022,Sai Book House,NLGC3,Stationary,New Learners's Grammar and Composition 3,0,Non GST,0,3,White,169,169,345,20,69,46644,0,46644,345,345
401,93,2560,29/06/2022,Sai Book House,NLGC4,Stationary,New Learners's Grammar and Composition 4,0,Non GST,0,4,White,169,169,355,20,71,47996,0,47996,355,355
402,93,2560,29/06/2022,Sai Book House,NLGC5,Stationary,New Learners's Grammar and Composition 5,0,Non GST,0,5,White,154,154,355,20,71,43736,0,43736,355,355
403,93,2560,29/06/2022,Sai Book House,FC2,Stationary,Friday Comprehension 2,0,Non GST,0,2,White,160,160,230,20,46,29440,0,29440,230,230
404,93,2560,29/06/2022,Sai Book House,LCW1,Stationary,Lucida Cursive writing1,0,Non GST,0,1,White,136,136,90,40,36,7344,0,7344,90,90
405,93,2560,29/06/2022,Sai Book House,LCW2,Stationary,Lucida Cursive writing-2,0,Non GST,0,2,White,652,652,90,40,36,35208,0,35208,90,90
406,93,2560,29/06/2022,Sai Book House,AM1,Stationary,Alpha Maths (1),0,Non GST,0,1,White,136,136,395,25,98.75,40290,0,40290,395,395
407,93,2560,29/06/2022,Sai Book House,AM2,Stationary,Alpha Maths (2),0,Non GST,0,2,White,160,160,400,25,100,48000,0,48000,400,400
408,93,2560,29/06/2022,Sai Book House,AM3,Stationary,Alpha Maths (3),0,Non GST,0,3,White,169,169,485,25,121.25,61473.75,0,61473.75,485,485
409,93,2560,29/06/2022,Sai Book House,AM4,Stationary,Alpha Maths (4),0,Non GST,0,4,White,169,169,485,25,121.25,61473.75,0,61473.75,485,485
410,93,2560,29/06/2022,Sai Book House,AM5,Stationary,Alpha Maths (5),0,Non GST,0,5,White,154,154,490,25,122.5,56595,0,56595,490,490
411,93,2560,29/06/2022,Sai Book House,CBPS1,Stationary,Cambridge Primary Science (1),0,Non GST,0,1,White,136,136,710,25,177.5,72420,0,72420,710,710
412,93,2560,29/06/2022,Sai Book House,CBPS2,Stationary,Cambridge Primary Science (2)New Edition,0,Non GST,0,2,White,160,160,710,25,177.5,85200,0,85200,710,710
413,93,2560,29/06/2022,Sai Book House,CBPS3,Stationary,Cambridge Primary Science (3)New Edition,0,Non GST,0,3,White,169,169,710,25,177.5,89992.5,0,89992.5,710,710
414,94,2561,29/06/2022,Sai Book House,CBPS4,Stationary,Cambridge Primary Science (4)New Edition,0,Non GST,0,4,White,169,169,710,25,177.5,89992.5,0,89992.5,710,710
415,94,2561,29/06/2022,Sai Book House,CBPS5,Stationary,Cambridge Primary Science (5)New Edition,0,Non GST,0,5,White,154,154,710,25,177.5,82005,0,82005,710,710
416,94,2561,29/06/2022,Sai Book House,STVB1,Stationary,Sharada Telugu Vachakamu Book 1,0,Non GST,0,1,White,160,160,130,40,52,12480,0,12480,130,130
417,94,2561,29/06/2022,Sai Book House,STVB2,Stationary,Sharada Telugu Vachakamu Book 2,0,Non GST,0,2,White,169,169,175,40,70,17745,0,17745,175,175
418,94,2561,29/06/2022,Sai Book House,STVB3,Stationary,Sadbhavana Hindi Patyak pusthak 3,Maxmuller,Non GST,0,3,White,169,169,175,40,70,17745,0,17745,175,175
419,94,2561,29/06/2022,Sai Book House,STVB4,Stationary,Sharada Telugu Vachakamu Book 4,0,Non GST,0,4,White,154,154,185,40,74,17094,0,17094,185,185
420,94,2561,29/06/2022,Sai Book House,TS1,Stationary,Telugu Sahithi 1,0,Non GST,0,1,White,136,136,165,40,66,13464,0,13464,165,165
421,94,2561,29/06/2022,Sai Book House,HG1,Stationary,Hindi Gnan book 1,0,Non GST,0,1,White,160,160,165,40,66,15840,0,15840,165,165
422,94,2561,29/06/2022,Sai Book House,HG2,Stationary,Hindi Gnan book 2,0,Non GST,0,2,White,169,169,165,40,66,16731,0,16731,165,165
423,94,2561,29/06/2022,Sai Book House,SHPP3,Stationary,Sadbhavana Hindi Patyak pusthak 3,0,Non GST,0,3,White,169,169,126,40,50.4,12776.4,0,12776.4,126,126
424,94,2561,29/06/2022,Sai Book House,SHPP4,Stationary,Sadbhavana Hindi Patyak pusthak 4,0,Non GST,0,4,White,154,154,126,40,50.4,11642.4,0,11642.4,126,126
425,94,2561,29/06/2022,Sai Book House,JE,Stationary,Junior English,0,Non GST,0,0,White,445,445,360,30,108,112140,0,112140,360,360
426,94,2561,29/06/2022,Sai Book House,CH6,Stationary,Cambridge Hodder 6,0,Non GST,0,0,White,85,85,895,25,223.75,57056.25,0,57056.25,895,895
427,95,2562,29/06/2022,Sai Book House,PC1,Stationary,Primary Comprehension (1),Cambridge,Non GST,0,1,White,169,169,260,30,78,30758,0,30758,260,260
428,95,2562,29/06/2022,Sai Book House,PC2,Stationary,Primary Comprehension (2),Cambridge,Non GST,0,2,White,154,154,260,30,78,28028,0,28028,260,260
429,95,2562,29/06/2022,Sai Book House,PC3,Stationary,Primary Comprehension (3),Cambridge,Non GST,0,3,White,196,196,260,30,78,35672,0,35672,260,260
430,95,2562,29/06/2022,Sai Book House,PC4,Stationary,Primary Comprehension (4),Cambridge,Non GST,0,4,White,142,142,290,30,87,28826,0,28826,290,290
431,95,2562,29/06/2022,Sai Book House,PC5,Stationary,Primary Comprehension (5),Cambridge,Non GST,0,5,White,129,129,290,30,87,26187,0,26187,290,290
432,95,2562,29/06/2022,Sai Book House,CGE7,Stationary,Cambridge Global English 7,Cambridge,Non GST,0,7,White,142,142,1450,25,362.5,154425,0,154425,1450,1450
433,95,2562,29/06/2022,Sai Book House,CGE8,Stationary,Cambridge Global English 8,Cambridge,Non GST,0,8,White,129,129,1450,25,362.5,140287.5,0,140287.5,1450,1450
434,95,2562,29/06/2022,Sai Book House,MAT6,Stationary,Mathematics 6,NCERT,Non GST,0,6,White,196,196,65,0,0,12740,0,12740,65,65
435,95,2562,29/06/2022,Sai Book House,SCI6,Stationary,Science 6,NCERT,Non GST,0,6,White,196,196,65,0,0,12740,0,12740,65,65
436,95,2562,29/06/2022,Sai Book House,SPL1,Stationary,Social and political life I (civics),NCERT,Non GST,0,6,White,196,196,60,0,0,11760,0,11760,60,60
437,95,2562,29/06/2022,Sai Book House,OP1,Stationary,Our Past - I,NCERT,Non GST,0,6,White,196,196,65,0,0,12740,0,12740,65,65
438,95,2562,29/06/2022,Sai Book House,EOH,Stationary,The Earth Our Habitat,NCERT,Non GST,0,6,White,196,196,55,0,0,10780,0,10780,55,55
439,95,2562,29/06/2022,Sai Book House,MAT7,Stationary,Mathematics 7,NCERT,Non GST,0,7,White,142,142,60,0,0,8520,0,8520,60,60
440,95,2562,29/06/2022,Sai Book House,SCI7,Stationary,Science 7,NCERT,Non GST,0,7,White,142,142,60,0,0,8520,0,8520,60,60
441,95,2562,29/06/2022,Sai Book House,OE,Stationary,Our Environment,NCERT,Non GST,0,7,White,142,142,60,0,0,8520,0,8520,60,60
442,95,2562,29/06/2022,Sai Book House,OP2,Stationary,Our Past - II,NCERT,Non GST,0,7,White,142,142,65,0,0,9230,0,9230,65,65
443,95,2562,29/06/2022,Sai Book House,SPL2,Stationary,Social and political life II (civics),NCERT,Non GST,0,7,White,142,142,65,0,0,9230,0,9230,65,65
444,95,2562,29/06/2022,Sai Book House,MAT8,Stationary,Mathematics 8,NCERT,Non GST,0,8,White,129,129,60,0,0,7740,0,7740,60,60
445,95,2562,29/06/2022,Sai Book House,SCI8,Stationary,Science 8,NCERT,Non GST,0,8,White,129,129,65,0,0,8385,0,8385,65,65
446,95,2562,29/06/2022,Sai Book House,R&D,Stationary,Resource and Development8,NCERT,Non GST,0,8,White,129,129,60,0,0,7740,0,7740,60,60
447,95,2562,29/06/2022,Sai Book House,OP3,Stationary,Our Past - III,NCERT,Non GST,0,8,White,129,129,65,0,0,8385,0,8385,65,65
448,95,2562,29/06/2022,Sai Book House,SPL3,Stationary,Social and political life III (civics),NCERT,Non GST,0,8,White,129,129,65,0,0,8385,0,8385,65,65
449,95,2562,29/06/2022,Sai Book House,ENG9,Stationary,English 9,NCERT,Non GST,0,9,White,176,176,75,0,0,13200,0,13200,75,75
450,95,2562,29/06/2022,Sai Book House,MAT9,Stationary,Mathematics 9,NCERT,Non GST,0,9,White,176,176,155,0,0,27280,0,27280,155,155
451,95,2562,29/06/2022,Sai Book House,SCI9,Stationary,Science 9,NCERT,Non GST,0,9,White,176,176,150,0,0,26400,0,26400,150,150
452,95,2562,29/06/2022,Sai Book House,HIS9,Stationary,History,NCERT,Non GST,0,9,White,176,176,115,0,0,20240,0,20240,115,115
453,95,2562,29/06/2022,Sai Book House,GEO9,Stationary,GEOGRAPHY 9,NCERT,Non GST,0,9,White,176,176,55,0,0,9680,0,9680,55,55
454,95,2562,29/06/2022,Sai Book House,ECO9,Stationary,ECONOMICES 9,NCERT,Non GST,0,9,White,176,176,50,0,0,8800,0,8800,50,50
455,95,2562,29/06/2022,Sai Book House,W&E9,Stationary,Words & Expressions 9,NCERT,Non GST,0,9,White,176,176,110,0,0,19360,0,19360,110,110
456,95,2562,29/06/2022,Sai Book House,MOM9,Stationary,Moments 9,,Non GST,0,9,White,176,176,40,0,0,7040,0,7040,40,40
457,95,2562,29/06/2022,Sai Book House,POL9,Stationary,POLITICS9,NCERT,Non GST,0,9,White,176,176,80,0,0,14080,0,14080,80,80
458,96,2563,29/06/2022,Sai Book House,HVB6,Stationary,HINDI VASANTH BAGH 6,NCERT,Non GST,0,6,White,65,65,65,0,0,4225,0,4225,65,65
459,96,2563,29/06/2022,Sai Book House,HVB7,Stationary,HINDI VASANTH BAGH 7,NCERT,Non GST,0,7,White,65,65,65,0,0,4225,0,4225,65,65
460,96,2563,29/06/2022,Sai Book House,HVB8,Stationary,HINDI VASANTH BAGH 8,NCERT,Non GST,0,8,White,65,65,65,0,0,4225,0,4225,65,65
461,96,2563,29/06/2022,Sai Book House,SPRS9,Stationary,SPARSH 9,NCERT,Non GST,0,9,White,75,75,50,0,0,3750,0,3750,50,50
462,96,2563,29/06/2022,Sai Book House,SANC9,Stationary,SANCHYAN 9,NCERT,Non GST,0,9,White,75,75,30,0,0,2250,0,2250,30,30
463,97,2598,07 August 2022,Sai Book House,RSNB200,Stationary,Regular Short Note book 200,0,EX-TAX,12,200,White,7741,7741,18.75,0,0,145143.76,17417.24,162561,35,35
464,97,2598,07 August 2022,Sai Book House,RSNB100,Stationary,Regular Short Note book 100,0,EX-TAX,12,100,White,708,708,11.8,0,0,8354.41,1002.52,9356.93,22,22
465,97,2598,07 August 2022,Sai Book House,RSNB60,Stationary,Regular Short Note book 60,0,EX-TAX,12,60,White,228,228,10.75,0,0,2451,294.12,2745.12,20,20
466,97,2598,07 August 2022,Sai Book House,CRN100,Stationary,Crown 100 PGS,0,EX-TAX,12,100,White,4154,4154,16.1,0,0,66879.41,8025.52,74904.93,30,30
467,97,2598,07 August 2022,Sai Book House,CRN200,Stationary,Crown 200 PGS,0,EX-TAX,12,200,White,5704,5704,29.5,0,0,168268,20192.16,188460.16,55,55
468,97,2598,07 August 2022,Sai Book House,A4,Stationary,A4 Long Note book,0,EX-TAX,12,0,White,1115,1115,29.5,0,0,32892.5,3947.1,36839.6,55,55
469,97,2598,07 August 2022,Sai Book House,PL DRG60,Stationary,Plain Drawing 60 pgs,0,EX-TAX,12,60,White,825,825,34.85,0,0,28751.24,3450.16,32201.4,60,60
470,98,3131,07 August 2022,Sai Book House,NLGC5,Stationary,New Learners's Grammar and Composition 5,0,Non GST,0,5,White,5,5,355,20,71,1420,0,1420,355,355
471,98,3131,07 August 2022,Sai Book House,AM5,Stationary,Alpha Maths (5),0,Non GST,0,5,White,5,5,490,25,122.5,1837.5,0,1837.5,490,490
472,98,3131,07 August 2022,Sai Book House,CBPS5,Stationary,Cambridge Primary Science (5)New Edition,0,Non GST,0,5,White,5,5,710,25,177.5,2662.5,0,2662.5,710,710
473,98,3131,07 August 2022,Sai Book House,LCW2,Stationary,Lucida Cursive writing-2,0,Non GST,0,2,White,5,5,90,40,36,270,0,270,90,90
474,98,3131,07 August 2022,Sai Book House,SHPP4,Stationary,Sadbhavana Hindi Patyak pusthak 4,0,Non GST,0,4,White,5,5,126,40,50.4,378,0,378,126,126
475,98,3131,07 August 2022,Sai Book House,STVB4,Stationary,Sharada Telugu Vachakamu Book 4,0,Non GST,0,4,White,5,5,185,40,74,555,0,555,185,185
476,98,3131,07 August 2022,Sai Book House,JE,Stationary,Junior English,0,Non GST,0,0,White,10,10,360,30,108,2520,0,2520,360,360
477,98,3131,07 August 2022,Sai Book House,NLGC3,Stationary,New Learners's Grammar and Composition 3,0,Non GST,0,3,White,5,5,345,20,69,1380,0,1380,345,345
478,98,3131,07 August 2022,Sai Book House,FC2,Stationary,Friday Comprehension 2,0,Non GST,0,2,White,6,6,230,20,46,1104,0,1104,230,230
479,99,3132,07 August 2022,Sai Book House,LCW2,Stationary,Lucida Cursive writing-2,0,Non GST,0,2,White,6,6,90,40,36,324,0,324,90,90
480,99,3132,07 August 2022,Sai Book House,STVB2,Stationary,Sharada Telugu Vachakamu Book 2,0,Non GST,0,2,White,6,6,175,40,70,630,0,630,175,175
481,99,3132,07 August 2022,Sai Book House,AM3,Stationary,Alpha Maths (3),0,Non GST,0,3,White,6,6,485,25,121.25,2182.5,0,2182.5,485,485
482,99,3132,07 August 2022,Sai Book House,CBPS3,Stationary,Cambridge Primary Science (3)New Edition,0,Non GST,0,3,White,6,6,710,25,177.5,3195,0,3195,710,710
483,99,3132,07 August 2022,Sai Book House,JE,Stationary,Junior English,0,Non GST,0,0,White,20,20,360,30,108,5040,0,5040,360,360
484,99,3132,07 August 2022,Sai Book House,HG2,Stationary,Hindi Gnan book 2,0,Non GST,0,2,White,5,5,165,40,66,495,0,495,165,165
485,100,3137,07 August 2022,Sai Book House,CBPS2,Stationary,Cambridge Primary Science (2)New Edition,0,Non GST,0,2,White,6,6,710,25,177.5,3195,0,3195,710,710
486,100,3137,07 August 2022,Sai Book House,AM2,Stationary,Alpha Maths (2),0,Non GST,0,2,White,6,6,400,25,100,1800,0,1800,400,400
487,100,3137,07 August 2022,Sai Book House,AM4,Stationary,Alpha Maths (4),0,Non GST,0,4,White,3,3,485,25,121.25,1091.25,0,1091.25,485,485
488,100,3137,07 August 2022,Sai Book House,HG1,Stationary,Hindi Gnan book 1,0,Non GST,0,1,White,5,5,165,40,66,495,0,495,165,165
489,100,3137,07 August 2022,Sai Book House,STVB1,Stationary,Sharada Telugu Vachakamu Book 1,0,Non GST,0,1,White,6,6,130,40,52,468,0,468,130,130
490,100,3137,07 August 2022,Sai Book House,LCW2,Stationary,Lucida Cursive writing-2,0,Non GST,0,2,White,6,6,90,40,36,324,0,324,90,90
491,100,3137,07 August 2022,Sai Book House,STVB2,Stationary,Sharada Telugu Vachakamu Book 2,0,Non GST,0,2,White,10,10,175,40,70,1050,0,1050,175,175
492,100,3137,07 August 2022,Sai Book House,FC2,Stationary,Friday Comprehension 2,0,Non GST,0,2,White,2,2,230,20,46,368,0,368,230,230
493,100,3137,07 August 2022,Sai Book House,JE,Stationary,Junior English,0,Non GST,0,0,White,15,15,360,30,108,3780,0,3780,360,360
494,100,3137,07 August 2022,Sai Book House,NLGC2,Stationary,New Learners's Grammar and Composition 2,0,Non GST,0,2,White,6,6,310,20,62,1488,0,1488,310,310
495,101,3157,07 August 2022,Sai Book House,NLGC4,Stationary,New Learners's Grammar and Composition 4,0,Non GST,0,4,White,4,4,355,20,71,1136,0,1136,355,355
496,101,3157,07 August 2022,Sai Book House,CBPS3,Stationary,Cambridge Primary Science (3)New Edition,0,Non GST,0,3,White,5,5,710,25,177.5,2662.5,0,2662.5,710,710
497,101,3157,07 August 2022,Sai Book House,HG2,Stationary,Hindi Gnan book 2,0,Non GST,0,2,White,13,13,165,40,66,1287,0,1287,165,165
498,101,3157,07 August 2022,Sai Book House,LCW2,Stationary,Lucida Cursive writing-2,0,Non GST,0,2,White,7,7,90,40,36,378,0,378,90,90
499,101,3157,07 August 2022,Sai Book House,SHPP4,Stationary,Sadbhavana Hindi Patyak pusthak 4,0,Non GST,0,4,White,1,1,126,40,50.4,75.6,0,75.6,126,126
500,101,3157,07 August 2022,Sai Book House,STVB2,Stationary,Sharada Telugu Vachakamu Book 2,0,Non GST,0,2,White,3,3,175,40,70,315,0,315,175,175
501,101,3157,07 August 2022,Sai Book House,STVB4,Stationary,Sharada Telugu Vachakamu Book 4,0,Non GST,0,4,White,1,1,185,40,74,111,0,111,185,185
502,101,3157,07 August 2022,Sai Book House,JE,Stationary,Junior English,0,Non GST,0,0,White,8,8,360,30,108,2016,0,2016,360,360
503,102,3158,07 August 2022,Sai Book House,FC2,Stationary,Friday Comprehension 2,0,Non GST,0,2,White,4,4,230,20,46,736,0,736,230,230
504,102,3158,07 August 2022,Sai Book House,NLGC3,Stationary,New Learners's Grammar and Composition 3,0,Non GST,0,3,White,2,2,345,20,69,552,0,552,345,345
505,102,3158,07 August 2022,Sai Book House,TS1,Stationary,Telugu Sahithi 1,0,Non GST,0,1,White,4,4,165,40,66,396,0,396,165,165
506,102,3158,07 August 2022,Sai Book House,PC2,Stationary,Primary Comprehension (2),Cambridge,Non GST,0,2,White,4,4,260,30,78,728,0,728,260,260
507,102,3158,07 August 2022,Sai Book House,NLGC1,Stationary,New Learners's Grammar and Composition 1,0,Non GST,0,1,White,4,4,270,20,54,864,0,864,270,270
508,102,3158,07 August 2022,Sai Book House,LCW1,Stationary,Lucida Cursive writing1,0,Non GST,0,1,White,4,4,90,40,36,216,0,216,90,90
509,102,3158,07 August 2022,Sai Book House,CBPS1,Stationary,Cambridge Primary Science (1),0,Non GST,0,1,White,4,4,710,25,177.5,2130,0,2130,710,710
510,102,3158,07 August 2022,Sai Book House,AM1,Stationary,Alpha Maths (1),0,Non GST,0,1,White,4,4,395,25,98.75,1185,0,1185,395,395
511,103,2598,07 August 2022,Sai Book House,NLGC1,Stationary,New Learners's Grammar and Composition 1,0,Non GST,0,1,White,12,12,270,20,54,2592,0,2592,270,270
512,103,2598,07 August 2022,Sai Book House,LCW1,Stationary,Lucida Cursive writing1,0,Non GST,0,1,White,12,12,90,40,36,648,0,648,90,90
513,103,2598,07 August 2022,Sai Book House,AM1,Stationary,Alpha Maths (1),0,Non GST,0,1,White,12,12,395,25,98.75,3555,0,3555,395,395
514,103,2598,07 August 2022,Sai Book House,CBPS1,Stationary,Cambridge Primary Science (1),0,Non GST,0,1,White,12,12,710,25,177.5,6390,0,6390,710,710
515,103,2598,07 August 2022,Sai Book House,TS1,Stationary,Telugu Sahithi 1,0,Non GST,0,1,White,12,12,165,40,66,1188,0,1188,165,165
516,103,2598,07 August 2022,Sai Book House,PL DRG60,Stationary,Plain Drawing 60 pgs,0,Non GST,0,60,White,45,45,34.85,0,0,1568.25,0,1568.25,60,60
517,103,2598,07 August 2022,Sai Book House,RSNB60,Stationary,Regular Short Note book 60,0,Non GST,0,60,White,12,12,10.75,0,0,129,0,129,20,20
518,103,2598,07 August 2022,Sai Book House,NLGC3,Stationary,New Learners's Grammar and Composition 3,0,Non GST,0,3,White,15,15,345,20,69,4140,0,4140,345,345
519,103,2598,07 August 2022,Sai Book House,FC2,Stationary,Friday Comprehension 2,0,Non GST,0,2,White,15,15,230,20,46,2760,0,2760,230,230
520,103,2598,07 August 2022,Sai Book House,AM3,Stationary,Alpha Maths (3),0,Non GST,0,3,White,15,15,485,25,121.25,5456.25,0,5456.25,485,485
521,103,2598,07 August 2022,Sai Book House,CBPS3,Stationary,Cambridge Primary Science (3)New Edition,0,Non GST,0,3,White,15,15,710,25,177.5,7987.5,0,7987.5,710,710
522,103,2598,07 August 2022,Sai Book House,JE,Stationary,Junior English,0,Non GST,0,0,White,15,15,360,30,108,3780,0,3780,360,360
523,103,2598,07 August 2022,Sai Book House,STVB2,Stationary,Sharada Telugu Vachakamu Book 2,0,Non GST,0,2,White,15,15,175,40,70,1575,0,1575,175,175
524,103,2598,07 August 2022,Sai Book House,HG2,Stationary,Hindi Gnan book 2,0,Non GST,0,2,White,15,15,165,40,66,1485,0,1485,165,165
525,103,2598,07 August 2022,Sai Book House,LCW2,Stationary,Lucida Cursive writing-2,0,Non GST,0,2,White,15,15,90,40,36,810,0,810,90,90
526,103,2598,07 August 2022,Sai Book House,NLGC5,Stationary,New Learners's Grammar and Composition 5,0,Non GST,0,5,White,15,15,355,20,71,4260,0,4260,355,355
527,103,2598,07 August 2022,Sai Book House,PC2,Stationary,Primary Comprehension (2),Cambridge,Non GST,0,2,White,15,15,260,30,78,2730,0,2730,260,260
528,103,2598,07 August 2022,Sai Book House,CBPS5,Stationary,Cambridge Primary Science (5)New Edition,0,Non GST,0,5,White,15,15,710,25,177.5,7987.5,0,7987.5,710,710
529,103,2598,07 August 2022,Sai Book House,AM5,Stationary,Alpha Maths (5),0,Non GST,0,5,White,15,15,490,25,122.5,5512.5,0,5512.5,490,490
530,103,2598,07 August 2022,Sai Book House,STVB4,Stationary,Sharada Telugu Vachakamu Book 4,0,Non GST,0,4,White,15,15,185,40,74,1665,0,1665,185,185
531,103,2598,07 August 2022,Sai Book House,SHPP4,Stationary,Sadbhavana Hindi Patyak pusthak 4,0,Non GST,0,4,White,15,15,126,40,50.4,1134,0,1134,126,126
532,103,2598,07 August 2022,Sai Book House,CRN200,Stationary,Crown 200 PGS,0,Non GST,0,200,White,1165,1165,29.5,0,0,34367.5,0,34367.5,55,55
533,118,3309,03 March 2023,Sai Book House,ENGFF10,Stationary,First flight 10,0,Non GST,0,0,White,161,161,0,0,0,0,0,14490,90,90
534,118,3309,03 March 2023,Sai Book House,TLSM10,Stationary,Telugu Question Bank 10,0,Non GST,0,0,White,121,121,0,0,0,0,0,60500,500,500
535,118,3309,03 March 2023,Sai Book House,MAT10,Stationary,Maths 10,0,Non GST,0,0,White,161,161,0,0,0,0,0,25760,160,160
536,118,3309,03 March 2023,Sai Book House,MATLA10,Stationary,Maths Lab activity 10,0,Non GST,0,0,White,161,161,0,0,0,0,0,72450,450,450
537,118,3309,03 March 2023,Sai Book House,SCI10,Stationary,Science10,0,Non GST,0,0,White,161,161,0,0,0,0,0,31395,195,195
538,118,3309,03 March 2023,Sai Book House,SCILA10,Stationary,Science Lab activity 10,0,Non GST,0,0,White,161,161,0,0,0,0,0,72450,450,450
539,118,3309,03 March 2023,Sai Book House,POL10,Stationary,Politics10,0,Non GST,0,0,White,161,161,0,0,0,0,0,14490,90,90
540,118,3309,03 March 2023,Sai Book House,HIS10,Stationary,History10,0,Non GST,0,0,White,161,161,0,0,0,0,0,20125,125,125
541,118,3309,03 March 2023,Sai Book House,GEO10,Stationary,Geography10,0,Non GST,0,0,White,161,161,0,0,0,0,0,14490,90,90
542,118,3309,03 March 2023,Sai Book House,ECO10,Stationary,Economics10,0,Non GST,0,0,White,161,161,0,0,0,0,0,12075,75,75
543,118,3309,03 March 2023,Sai Book House,HPA10,Stationary,Health and physical activity10,0,Non GST,0,0,White,161,161,0,0,0,0,0,21574,134,134
544,118,3309,03 March 2023,Sai Book House,HINSP10,Stationary,Sparsh10,0,Non GST,0,0,White,40,40,0,0,0,0,0,3200,80,80
545,118,3309,03 March 2023,Sai Book House,HINSN10,Stationary,Sanchayan10,0,Non GST,0,0,White,40,40,0,0,0,0,0,1600,40,40
546,118,3309,03 March 2023,Sai Book House,ENGFP10,Stationary,Footprints10,0,Non GST,0,0,White,161,161,0,0,0,0,0,6440,40,40
547,118,3309,03 March 2023,Sai Book House,ENGWE10,Stationary,words and expressions10- 2,0,Non GST,0,0,White,161,161,0,0,0,0,0,21735,135,135
548,118,3309,03 March 2023,Sai Book House,CRN200,Stationary,Crown 200 PGS,0,Non GST,0,200,White,960,960,0,0,0,0,0,67200,70,70
549,118,3309,03 March 2023,Sai Book House,CRN100,Stationary,Crown 100 PGS,0,Non GST,0,100,White,1200,1200,0,0,0,0,0,45600,38,38
550,118,3309,03 March 2023,Sai Book House,A4200,Stationary,A4 200 Long Note book,0,Non GST,0,200,White,720,720,0,0,0,0,0,50400,70,70
551,118,3309,03 March 2023,Sai Book House,A4100,Stationary,A4 100 Long Note book,0,Non GST,0,100,White,240,240,0,0,0,0,0,9600,40,40
552,118,3309,03 March 2023,Sai Book House,GRPBK10,Stationary,Graph Book,0,Non GST,0,0,White,240,240,0,0,0,0,0,5280,22,22
553,122,0,03 March 2023,Sai Book House,ENGMOM9,Stationary,Moments,NCERT,EX-TAX,0,9,White,143,143,0,0,0,0,0,5720,40,40
554,122,0,03 March 2023,Sai Book House,TELSGD9,Stationary,Singidi 1,SCERT,EX-TAX,0,9,White,115,115,0,0,0,0,0,11845,103,103
555,122,0,03 March 2023,Sai Book House,TELSM9,Stationary,TEL Study material 9,Sri Sai publications,EX-TAX,0,9,White,115,115,0,0,0,0,0,40250,350,350
556,122,0,03 March 2023,Sai Book House,MAT9,Stationary,Mathematics 9,NCERT,EX-TAX,0,9,White,143,143,155,0,0,22165,0,22165,155,155
557,122,0,03 March 2023,Sai Book House,MATLA9,Stationary,Maths Lab activity book 9,Prachi,EX-TAX,0,9,White,143,143,0,0,0,0,0,64350,450,450
558,122,0,03 March 2023,Sai Book House,SCI9,Stationary,Science 9,NCERT,EX-TAX,0,9,White,143,143,150,0,0,21450,0,21450,150,150
559,122,0,03 March 2023,Sai Book House,SCILA9,Stationary,Science Lab activity book 9,NCERT,EX-TAX,0,9,White,143,143,0,0,0,0,0,64350,450,450
560,122,0,03 March 2023,Sai Book House,HIS9,Stationary,History,NCERT,EX-TAX,0,9,White,143,143,115,0,0,16445,0,16445,115,115
561,122,0,03 March 2023,Sai Book House,POL9,Stationary,POLITICS9,NCERT,EX-TAX,0,9,White,143,143,80,0,0,11440,0,11440,80,80
562,122,0,03 March 2023,Sai Book House,GEO9,Stationary,GEOGRAPHY 9,NCERT,EX-TAX,0,9,White,143,143,55,0,0,7865,0,7865,55,55
563,122,0,03 March 2023,Sai Book House,ECO9,Stationary,ECONOMICES 9,NCERT,EX-TAX,0,9,White,143,143,50,0,0,7150,0,7150,50,50
564,122,0,03 March 2023,Sai Book House,HPA9,Stationary,Health And Physical Activity 9,Ratna Sagar,EX-TAX,0,9,White,143,143,0,0,0,0,0,19162,134,134
565,122,0,03 March 2023,Sai Book House,ENGBEE9,Stationary,Beehive9,NCERT,EX-TAX,0,9,White,143,143,0,0,0,0,0,10725,75,75
566,122,0,03 March 2023,Sai Book House,ENGWE9,Stationary,Words and Expressions 9,NCERT,EX-TAX,0,9,White,143,143,0,0,0,0,0,17160,120,120
567,123,0,15/03/2023,Sai Book House,CGE8N,Stationary,Cambridge Global English 8,Cambridge,EX-TAX,0,8,White,180,180,0,0,0,0,0,306000,1700,1700
568,123,0,15/03/2023,Sai Book House,MATLA8,Stationary,Maths Lab activity 8,Parchi,EX-TAX,0,8,White,180,180,0,0,0,0,0,57600,320,320
569,123,0,15/03/2023,Sai Book House,SCI8N,Stationary,Living Science 8,Ratna Sagar,EX-TAX,0,8,White,180,180,0,0,0,0,0,122220,679,679
570,123,0,15/03/2023,Sai Book House,SCILA8,Stationary,Science Lab activity 8,Parchi,EX-TAX,0,8,White,180,180,0,0,0,0,0,57600,320,320
571,123,0,15/03/2023,Sai Book House,SOCL8,Stationary,Integrated Social Science 8,Ratna Sagar,EX-TAX,0,8,White,180,180,0,0,0,0,0,122220,679,679
572,123,0,15/03/2023,Sai Book House,Hind8,Stationary,Bal Vasanth 3,SCERT,EX-TAX,0,8,White,44,44,0,0,0,0,0,2860,65,65
573,123,0,15/03/2023,Sai Book House,CGE7N,Stationary,Cambridge Global English 7,Cambridge,EX-TAX,0,7,White,215,215,0,0,0,0,0,365500,1700,1700
574,123,0,15/03/2023,Sai Book House,C7NV,Stationary,Nava Vasantham-2,S.A. PRINTERS,EX-TAX,0,7,White,171,171,0,0,0,0,0,16929,99,99
575,123,0,15/03/2023,Sai Book House,C7BBN,Stationary,Bal Bagicha-2,S.A PRINERS,EX-TAX,0,7,White,171,171,0,0,0,0,0,7866,46,46
576,123,0,15/03/2023,Sai Book House,MATLA7,Stationary,Maths Lab activity 7,Prachi,EX-TAX,0,7,White,215,215,0,0,0,0,0,68800,320,320
577,123,0,15/03/2023,Sai Book House,SCI7N,Stationary,Living Science 7,Ratna sagar,EX-TAX,0,7,White,215,215,0,0,0,0,0,139535,649,649
578,123,0,15/03/2023,Sai Book House,SCILA7,Stationary,Science Lab activity 7,Parchi,EX-TAX,0,7,White,215,215,0,0,0,0,0,68800,320,320
579,123,0,15/03/2023,Sai Book House,SOCL7,Stationary,Integrated Social Science 7,Ratna sagar,EX-TAX,0,7,White,215,215,0,0,0,0,0,137385,639,639
580,123,0,15/03/2023,Sai Book House,VAS7,Stationary,7th Class VASANTH-2,S.A. PRINTERS,EX-TAX,0,7,White,45,45,0,0,0,0,0,2925,65,65
581,123,0,15/03/2023,Sai Book House,VENL7,Stationary,7th Class VENNELA-2,J. S. Gupta and sons,EX-TAX,0,7,White,45,45,0,0,0,0,0,2880,64,64
582,123,0,15/03/2023,Sai Book House,GRPBK10,Stationary,Graph Book,0,EX-TAX,0,0,White,180,180,0,0,0,0,0,3960,22,22
583,123,0,15/03/2023,Sai Book House,A4100,Stationary,A4 100 Long Note book,0,EX-TAX,0,100,White,495,495,0,0,0,0,0,19800,40,40
584,123,0,15/03/2023,Sai Book House,A4200,Stationary,A4 200 Long Note book,0,EX-TAX,0,200,White,1980,1980,0,0,0,0,0,138600,70,70
585,123,0,15/03/2023,Sai Book House,CRN100,Stationary,Crown 100 PGS,0,EX-TAX,0,100,White,160,160,0,0,0,0,0,6080,38,38
586,123,0,15/03/2023,Sai Book House,CRN200,Stationary,Crown 200 PGS,0,EX-TAX,0,200,White,4295,4295,0,0,0,0,0,300650,70,70
587,123,0,15/03/2023,Sai Book House,GRPBK10,Stationary,Graph Book,0,EX-TAX,0,0,White,180,180,0,0,0,0,0,3960,22,22
588,123,0,15/03/2023,Sai Book House,A4100,Stationary,A4 100 Long Note book,0,EX-TAX,12,100,White,735,735,24,0,0,17640,2116.8,19756.8,40,40
589,123,0,15/03/2023,Sai Book House,A4200,Stationary,A4 200 Long Note book,0,EX-TAX,12,200,White,2700,2700,42,0,0,113400,13608,127008,70,70
590,123,0,15/03/2023,Sai Book House,CRN100,Stationary,Crown 100 PGS,0,EX-TAX,12,100,White,1360,1360,22.8,0,0,31008,3720.96,34728.96,38,38
591,123,0,15/03/2023,Sai Book House,CRN200,Stationary,Crown 200 PGS,0,EX-TAX,12,200,White,5255,5255,42,0,0,220710,26485.2,247195.2,70,70
592,123,0,15/03/2023,Sai Book House,HINVEN8,Stationary,Vennela 3,SCERT,EX-TAX,0,8,White,50,50,0,0,0,0,0,2750,55,55
593,123,0,15/03/2023,Sai Book House,C8BBN,Stationary,Bal Bagicha 3,SCERT,EX-TAX,0,8,White,50,50,0,0,0,0,0,2300,46,46
594,123,0,15/03/2023,Sai Book House,C8NV,Stationary,Nava Vasantham - 3,SCERT,EX-TAX,0,8,White,50,50,0,0,0,0,0,4950,99,9
595,123,0,15/03/2023,Sai Book House,HINVEN8,Stationary,Vennela 3,SCERT,EX-TAX,0,8,White,50,50,0,0,0,0,0,2750,55,55
596,123,0,15/03/2023,Sai Book House,C8BBN,Stationary,Bal Bagicha 3,SCERT,EX-TAX,0,8,White,50,50,0,0,0,0,0,2300,46,46
597,123,0,15/03/2023,Sai Book House,C8NV,Stationary,Nava Vasantham - 3,SCERT,EX-TAX,0,8,White,50,50,0,0,0,0,0,4950,99,9
598,123,0,15/03/2023,Sai Book House,HINVEN8,Stationary,Vennela 3,SCERT,EX-TAX,0,8,White,50,50,0,0,0,0,0,2750,55,55
599,123,0,15/03/2023,Sai Book House,C8BBN,Stationary,Bal Bagicha 3,SCERT,EX-TAX,0,8,White,50,50,0,0,0,0,0,2300,46,46
600,123,0,15/03/2023,Sai Book House,C8NV,Stationary,Nava Vasantham - 3,SCERT,EX-TAX,0,8,White,50,50,0,0,0,0,0,4950,99,99
601,123,0,15/03/2023,Sai Book House,SMCRD,Stationary,Super Smart Card,0,EX-TAX,0,0,White,100,100,0,0,0,0,0,50000,500,500
602,123,0,15/03/2023,Sai Book House,HINVEN8,Stationary,Vennela 3,SCERT,EX-TAX,0,8,White,50,50,0,0,0,0,0,2750,55,55
603,123,0,15/03/2023,Sai Book House,C8BBN,Stationary,Bal Bagicha 3,SCERT,EX-TAX,0,8,White,50,50,0,0,0,0,0,2300,46,46
604,123,0,15/03/2023,Sai Book House,C8NVN,Stationary,Nava Vasantham - 3,SCERT,EX-TAX,0,8,White,50,50,0,0,0,0,0,4950,99,99
605,128,3320,20/03/2023,Sai Book House,MATLA6,Stationary,Maths Lab activity 6,Prachi,EX-TAX,0,6,White,200,200,0,0,0,0,0,64000,320,320
606,128,3320,20/03/2023,Sai Book House,SCILA6,Stationary,Science Lab activity 6,Parchi,EX-TAX,0,6,White,200,200,0,0,0,0,0,64000,320,320
607,128,3320,20/03/2023,Sai Book House,SCILS6,Stationary,Living Science 6,Ratna sagar,EX-TAX,0,6,White,200,200,0,0,0,0,0,119800,599,599
608,128,3320,20/03/2023,Sai Book House,PC3,Stationary,Primary Comprehension (3),Cambridge,EX-TAX,0,3,White,200,200,260,30,78,36400,0,36400,260,260
609,128,3320,20/03/2023,Sai Book House,C6BBN,Stationary,Baal Bageecha 1,,EX-TAX,0,1,White,158,158,30,0,0,4740,0,4740,46,46
610,128,3320,20/03/2023,Sai Book House,VAS6,Stationary,6th Class VASANTH-1,NCERT,EX-TAX,0,1,White,58,58,0,0,0,0,0,3770,65,65
611,128,3320,20/03/2023,Sai Book House,VENL6,Stationary,6th Class VENNELA-1,SCERT,EX-TAX,0,1,White,58,58,0,0,0,0,0,3190,55,55
612,128,3320,20/03/2023,Sai Book House,SOCL6,Stationary,Integrated Social Science 6,Ratna sagar,EX-TAX,0,6,White,200,200,0,0,0,0,0,119800,599,599
613,128,3320,20/03/2023,Sai Book House,SOCL6,Stationary,Integrated Social Science 6,Ratna sagar,EX-TAX,0,6,White,200,200,0,0,0,0,0,119800,599,599
614,128,3320,20/03/2023,Sai Book House,SOCL6,Stationary,Integrated Social Science 6,Ratna sagar,EX-TAX,0,6,White,200,200,0,0,0,0,0,119800,599,599
615,128,3320,20/03/2023,Sai Book House,C8NV,Stationary,Nava Vasantham - 3,SCERT,EX-TAX,0,8,White,40,40,0,0,0,0,0,3960,99,99
616,128,3320,20/03/2023,Sai Book House,C8NV,Stationary,Nava Vasantham - 3,SCERT,EX-TAX,0,8,White,34,34,0,0,0,0,0,3366,99,99
617,128,3320,20/03/2023,Sai Book House,CGE6N,Stationary,Cambridge Global English 6,Cambridge,EX-TAX,0,7,White,200,200,0,0,0,0,0,188200,941,941
618,128,3320,20/03/2023,Sai Book House,CGE6N,Stationary,Cambridge Global English 6,Cambridge,EX-TAX,0,7,White,182,182,0,0,0,0,0,171262,941,941
619,81,BOS-001798,17/06/2022,EZ VIDYA PRIVATE LIMITED (Chrysalis),ICTPC1,Stationary,ICT Premium Class 1,49011010,EX-TAX,0,0,White,135,135,160,0,0,21600,0,21600,350,350
620,81,BOS-001798,17/06/2022,EZ VIDYA PRIVATE LIMITED (Chrysalis),ICTPC2,Stationary,ICT Premium Class 2,49011010,EX-TAX,0,0,White,168,168,160,0,0,26880,0,26880,350,350
621,81,BOS-001798,17/06/2022,EZ VIDYA PRIVATE LIMITED (Chrysalis),ICTPC3,Stationary,ICT Premium Class 3,49011010,EX-TAX,0,0,White,196,196,160,0,0,31360,0,31360,350,350
622,81,BOS-001798,17/06/2022,EZ VIDYA PRIVATE LIMITED (Chrysalis),ICTPC4,Stationary,ICT Premium Class 4,49011010,EX-TAX,0,0,White,168,168,160,0,0,26880,0,26880,350,350
623,81,BOS-001798,17/06/2022,EZ VIDYA PRIVATE LIMITED (Chrysalis),ICTPC5,Stationary,ICT Premium Class 5,49011010,EX-TAX,0,0,White,168,168,160,0,0,26880,0,26880,350,350
624,82,BOS-001800,17/06/2022,EZ VIDYA PRIVATE LIMITED (Chrysalis),ICTPTC6,Stationary,ICT Premium Turbo C Class 6,49011010,EX-TAX,0,0,White,175,175,160,0,0,28000,0,28000,350,350
625,82,BOS-001800,17/06/2022,EZ VIDYA PRIVATE LIMITED (Chrysalis),ICTPTC7,Stationary,ICT Premium Turbo C Class 7,49011010,EX-TAX,0,0,White,175,175,160,0,0,28000,0,28000,350,350
626,82,BOS-001800,17/06/2022,EZ VIDYA PRIVATE LIMITED (Chrysalis),ICTPPH8,Stationary,ICT Premium PHP&MYSQLClass 8,49011010,EX-TAX,0,0,White,140,140,160,0,0,22400,0,22400,350,350
627,82,BOS-001800,17/06/2022,EZ VIDYA PRIVATE LIMITED (Chrysalis),ICTPPH9,Stationary,ICT Premium PHP&MYSQLClass 9,49011010,EX-TAX,0,0,White,175,175,160,0,0,28000,0,28000,350,350
628,83,BOS-002187,26/06/2022,EZ VIDYA PRIVATE LIMITED (Chrysalis),ICTPC1,Stationary,ICT Premium Class 1,49011010,EX-TAX,0,0,White,10,10,160,0,0,1600,0,1600,350,350
629,83,BOS-002187,26/06/2022,EZ VIDYA PRIVATE LIMITED (Chrysalis),ICTPC2,Stationary,ICT Premium Class 2,49011010,EX-TAX,0,0,White,5,5,160,0,0,800,0,800,350,350
630,83,BOS-002187,26/06/2022,EZ VIDYA PRIVATE LIMITED (Chrysalis),ICTPC3,Stationary,ICT Premium Class 3,49011010,EX-TAX,0,0,White,20,20,160,0,0,3200,0,3200,350,350
631,83,BOS-002187,26/06/2022,EZ VIDYA PRIVATE LIMITED (Chrysalis),ICTPC4,Stationary,ICT Premium Class 4,49011010,EX-TAX,0,0,White,25,25,160,0,0,4000,0,4000,350,350
632,83,BOS-002187,26/06/2022,EZ VIDYA PRIVATE LIMITED (Chrysalis),ICTPC5,Stationary,ICT Premium Class 5,49011010,EX-TAX,0,0,White,35,35,160,0,0,5600,0,5600,350,350
633,84,BOS-002188,28/06/2022,EZ VIDYA PRIVATE LIMITED (Chrysalis),ICTPTC6,Stationary,ICT Premium Turbo C Class 6,49011010,EX-TAX,0,0,White,35,35,160,0,0,5600,0,5600,350,350
634,84,BOS-002188,28/06/2022,EZ VIDYA PRIVATE LIMITED (Chrysalis),ICTPPH9,Stationary,ICT Premium PHP&MYSQLClass 9,49011010,EX-TAX,0,0,White,10,10,160,0,0,1600,0,1600,350,350
635,119,BOS-004279,02 February 2023,EZ VIDYA PRIVATE LIMITED (Chrysalis),ICTPC1,Stationary,ICT Premium Class 1,49011010,EX-TAX,0,0,White,140,140,160,0,0,22400,0,22400,350,350
636,119,BOS-004279,02 February 2023,EZ VIDYA PRIVATE LIMITED (Chrysalis),ICTPC2,Stationary,ICT Premium Class 2,49011010,EX-TAX,0,0,White,168,168,160,0,0,26880,0,26880,350,350
637,119,BOS-004279,02 February 2023,EZ VIDYA PRIVATE LIMITED (Chrysalis),ICTPC3,Stationary,ICT Premium Class 3,49011010,EX-TAX,0,0,White,168,168,160,0,0,26880,0,26880,350,350
638,119,BOS-004279,02 February 2023,EZ VIDYA PRIVATE LIMITED (Chrysalis),ICTPC4,Stationary,ICT Premium Class 4,49011010,EX-TAX,0,0,White,197,197,160,0,0,31520,0,31520,350,350
639,119,BOS-004279,02 February 2023,EZ VIDYA PRIVATE LIMITED (Chrysalis),ICTPC5,Stationary,ICT Premium Class 5,49011010,EX-TAX,0,0,White,188,188,160,0,0,30080,0,30080,350,350
640,120,BOS-004278,02 February 2023,EZ VIDYA PRIVATE LIMITED (Chrysalis),ICTPTC6,Stationary,ICT Premium Turbo C Class 6,49011010,EX-TAX,0,0,White,182,182,160,0,0,29120,0,29120,350,350
641,120,BOS-004278,02 February 2023,EZ VIDYA PRIVATE LIMITED (Chrysalis),ICTPTC7,Stationary,ICT Premium Turbo C Class 7,49011010,EX-TAX,0,0,White,10,10,160,0,0,1600,0,1600,350,350
642,120,BOS-004278,02 February 2023,EZ VIDYA PRIVATE LIMITED (Chrysalis),ICTPPH8,Stationary,ICT Premium PHP&MYSQLClass 8,49011010,EX-TAX,0,0,White,180,180,160,0,0,28800,0,28800,350,350
643,120,BOS-004278,02 February 2023,EZ VIDYA PRIVATE LIMITED (Chrysalis),ICTPPH9,Stationary,ICT Premium PHP&MYSQLClass 9,49011010,EX-TAX,0,0,White,10,10,160,0,0,1600,0,1600,350,350
644,85,1,06 January 2022,Super smart choice Pvt Ltd,SSC,Stationary,supersmartchoice,,EX-TAX,18,0,White,1,1,1500,0,0,1500,270,1770,1500,1500
645,86,2,17/08/2022,Super smart choice Pvt Ltd,aa03,Stationary,Super Smart Card,,EX-TAX,18,0,White,880,880,1500,0,0,1320000,237600,1557600,1770,1770
646,126,0,15/03/2023,Super smart choice Pvt Ltd,SMCRD,Stationary,Super Smart Card,0,INC-TAX,18,0,White,570,570,500,0,0,241525.42,43474.58,285000,500,500
647,87,135,07 April 2022,Shree Digital,SHB,Stationary,Student Hand Book,,Non GST,0,0,White,1750,1750,100,0,0,175000,0,175000,100,100
648,121,123,03 August 2023,Shree Digital,LBL,Stationary,Lables,0,Non GST,0,0,White,52000,52000,0.8077,0,0,42000.4,0,42000.4,2,2
649,127,0,15/03/2023,Shree Digital,SHB,Stationary,Student Hand Book,,EX-TAX,0,0,White,500,500,100,0,0,50000,0,50000,100,100
650,91,1,06 January 2022,LUCKY BOOT HOUSE,CRCK30,Stationary,CROCKS,,INC-TAX,12,30,White,100,100,155,0,0,13840,1660,15500,250,250
651,91,1,06 January 2022,LUCKY BOOT HOUSE,CRCK31,Stationary,CROCKS,,INC-TAX,12,31,White,100,100,155,0,0,13840,1660,15500,250,250
652,91,1,06 January 2022,LUCKY BOOT HOUSE,CRCK32,Stationary,CROCKS,,INC-TAX,12,32,White,100,100,155,0,0,13840,1660,15500,250,250
653,91,1,06 January 2022,LUCKY BOOT HOUSE,CRCK33,Stationary,CROCKS,,INC-TAX,12,33,White,100,100,155,0,0,13840,1660,15500,250,250
654,91,1,06 January 2022,LUCKY BOOT HOUSE,CRCK34,Stationary,CROCKS,,INC-TAX,12,34,White,100,100,155,0,0,13840,1660,15500,250,250
655,91,1,06 January 2022,LUCKY BOOT HOUSE,CRCK35,Stationary,CROCKS,,INC-TAX,12,35,White,100,100,155,0,0,13840,1660,15500,250,250
656,92,SSFY22-23-143,07 January 2022,SS MARKETING,SH13,Stationary,Shoes,64041920,INC-TAX,12,13,Black,10,10,239.25,0,0,2136.16,256.34,2392.5,319,319
657,92,SSFY22-23-143,07 January 2022,SS MARKETING,SH1,Stationary,Shoes,64041920,INC-TAX,12,1,Black,100,100,239.25,0,0,21361.6,2563.4,23925,319,319
658,92,SSFY22-23-143,07 January 2022,SS MARKETING,SH2,Stationary,Shoes,64041920,INC-TAX,12,2,Black,150,150,284.25,0,0,38069.2,4568.3,42637.5,379,379
659,92,SSFY22-23-143,07 January 2022,SS MARKETING,SH3,Stationary,Shoes,64041920,INC-TAX,12,3,Black,200,200,284.25,0,0,50758.92,6091.08,56850,379,379
660,92,SSFY22-23-143,07 January 2022,SS MARKETING,SH4,Stationary,Shoes,64041920,INC-TAX,12,4,Black,200,200,284.25,0,0,50758.92,6091.08,56850,379,379
661,92,SSFY22-23-143,07 January 2022,SS MARKETING,SH5,Stationary,Shoes,64041920,INC-TAX,12,5,Black,200,200,284.25,0,0,50758.92,6091.08,56850,379,379
662,92,SSFY22-23-143,07 January 2022,SS MARKETING,SH6,Stationary,Shoes,64041920,INC-TAX,12,6,Black,200,200,299.25,0,0,53437.5,6412.5,59850,399,399
663,92,SSFY22-23-143,07 January 2022,SS MARKETING,SH7,Stationary,Shoes,64041920,INC-TAX,12,7,Black,150,150,299.25,0,0,40078.12,4809.38,44887.5,399,399
664,92,SSFY22-23-143,07 January 2022,SS MARKETING,SH8,Stationary,Shoes,64041920,INC-TAX,12,8,Black,150,150,299.25,0,0,40078.12,4809.38,44887.5,399,399
665,92,SSFY22-23-143,07 January 2022,SS MARKETING,SH9,Stationary,Shoes,64041920,INC-TAX,12,9,Black,110,110,299.25,0,0,29390.62,3526.88,32917.5,399,399
666,92,SSFY22-23-143,07 January 2022,SS MARKETING,SH10,Stationary,Shoes,64041920,INC-TAX,12,10,Black,75,75,299.25,0,0,20039.07,2404.68,22443.75,399,399
667,92,SSFY22-23-143,07 January 2022,SS MARKETING,SH11,Stationary,Shoes,64041920,INC-TAX,12,11,Black,6,6,299.25,0,0,1603.12,192.38,1795.5,399,399
668,111,SSFY22-23-297,11 November 2022,SS MARKETING,SH13,Stationary,Shoes,64041920,EX-TAX,12,13,Black,36,36,239.25,0,0,8613,1033.56,9646.56,319,319
669,129,11,20/03/2023,NEW LITTLE STARS,LSH01,Apparel,SHOE 01,640219,EX-TAX,12,1,Black,170,170,320.71,0,0,54520.7,6542.48,61063.18,449,449
670,129,11,20/03/2023,NEW LITTLE STARS,LSH13,Apparel,SHOE 13,640219,EX-TAX,12,13,BALCK,44,44,320.71,0,0,14111.25,1693.34,15804.59,449,449
671,129,11,20/03/2023,NEW LITTLE STARS,LSH02,Apparel,SHOE 02,640219,EX-TAX,12,2,Black,202,202,392.13,0,0,79210.25,9505.24,88715.49,549,549
672,129,11,20/03/2023,NEW LITTLE STARS,LSH03,Apparel,SHOE 03,640219,EX-TAX,12,3,Black,197,197,392.13,0,0,77249.6,9269.96,86519.56,549,549
673,129,11,20/03/2023,NEW LITTLE STARS,LSH04,Apparel,SHOE 04,640219,EX-TAX,12,4,Black,206,206,392.13,0,0,80778.77,9693.46,90472.23,549,549
674,129,11,20/03/2023,NEW LITTLE STARS,LSH05,Apparel,SHOE 05,640219,EX-TAX,12,5,Black,197,197,392.13,0,0,77249.6,9269.96,86519.56,549,549
675,129,11,20/03/2023,NEW LITTLE STARS,LSH06,Apparel,SHOE 06,640219,EX-TAX,12,6,Black,223,223,427.84,0,0,95408.32,11449,106857.32,599,599
676,129,11,20/03/2023,NEW LITTLE STARS,LSH07,Apparel,SHOE 07,640219,EX-TAX,12,7,Black,225,225,427.84,0,0,96264,11551.68,107815.68,599,599
677,129,11,20/03/2023,NEW LITTLE STARS,LSH08,Apparel,SHOE 08,640219,EX-TAX,12,8,Black,200,200,427.84,0,0,85568,10268.16,95836.16,599,599
678,129,11,20/03/2023,NEW LITTLE STARS,LSH09,Apparel,SHOE 09,640219,EX-TAX,12,9,Black,150,150,427.84,0,0,64176,7701.12,71877.12,599,599
679,129,11,20/03/2023,NEW LITTLE STARS,LSH10,Apparel,SHOE 10,640219,EX-TAX,12,10,Black,100,100,427.84,0,0,42784,5134.08,47918.08,599,599
680,129,11,20/03/2023,NEW LITTLE STARS,LSH11,Apparel,SHOE 11,640219,EX-TAX,12,11,Black,50,50,463.67,0,0,23183.5,2782.02,25965.52,649,649
681,129,11,20/03/2023,NEW LITTLE STARS,LSH12C,Apparel,SHOE 12C,640219,EX-TAX,12,122,Black,15,15,320.71,0,0,4810.65,577.28,5387.93,449,449
682,129,11,20/03/2023,NEW LITTLE STARS,LSH13C,Apparel,SHOE 13C,640219,EX-TAX,12,133,Black,25,25,320.71,0,0,8017.76,962.12,8979.88,449,449
683,130,5,16/02/2023,NEW LITTLE STARS,LSOC2,Apparel,SOCKS 02,6115,EX-TAX,5,2,GREY,309,309,55.238,0,0,17068.55,853.42,17921.97,90,90
684,130,5,16/02/2023,NEW LITTLE STARS,LSOC3,Apparel,SOCKS 03,6115,EX-TAX,5,3,GREY,500,500,55.238,0,0,27619.01,1380.94,28999.95,90,90
685,130,5,16/02/2023,NEW LITTLE STARS,LSOC4,Apparel,SOCKS 04,6115,EX-TAX,5,4,GREY,617,617,55.238,0,0,34081.84,1704.1,35785.94,90,90
686,130,5,16/02/2023,NEW LITTLE STARS,LSOC5,Apparel,SOCKS 05,6115,EX-TAX,5,5,GREY,665,665,64.762,0,0,43066.73,2153.34,45220.07,100,100
687,130,5,16/02/2023,NEW LITTLE STARS,LSOC6,Apparel,SOCKS 06,6115,EX-TAX,5,6,GREY,650,650,64.762,0,0,42095.31,2104.76,44200.07,100,100
688,130,5,16/02/2023,NEW LITTLE STARS,LSOC7,Apparel,SOCKS 07,6115,EX-TAX,5,7,GREY,679,679,64.762,0,0,43973.41,2198.66,46172.07,100,100
689,130,5,16/02/2023,NEW LITTLE STARS,LSOC8,Apparel,SOCKS 08,6115,EX-TAX,5,8,GREY,650,650,65.207,0,0,42384.56,2119.22,44503.78,100,100
22,63,004/2021-22,07 May 2021,Dristi Associates,UJ20,Apparel,Jeans,,INC-TAX,5,20,Blue,14,14,420,0,0,5600,280,5880,700,700
23,63,004/2021-22,07 May 2021,Dristi Associates,UJ24,Apparel,Jeans,0,INC-TAX,5,24,Blue,73,73,440,0,0,30591.38,1528.62,32120,750,750
24,63,004/2021-22,07 May 2021,Dristi Associates,UJ28,Apparel,Jeans,,INC-TAX,5,28,Blue,41,41,470,0,0,18352.42,917.58,19270,790,790
25,63,004/2021-22,07 May 2021,Dristi Associates,UJ32,Apparel,Jeans,,INC-TAX,5,32,Blue,107,107,500,0,0,50953.4,2546.6,53500,850,850
26,63,004/2021-22,07 May 2021,Dristi Associates,UJ36,Apparel,Jeans,,INC-TAX,5,36,Blue,56,56,530,0,0,28266.56,1413.44,29680,890,890
27,63,004/2021-22,07 May 2021,Dristi Associates,UJ38,Apparel,Jeans,,INC-TAX,5,38,Blue,1,1,540,0,0,514.28,25.72,540,890,890
28,63,004/2021-22,07 May 2021,Dristi Associates,UJ42,Apparel,Jeans,,INC-TAX,5,42,Blue,1,1,570,0,0,542.86,27.14,570,930,930
29,63,004/2021-22,07 May 2021,Dristi Associates,UJ30,Apparel,Jeans,,INC-TAX,5,30,Blue,196,196,490,0,0,91469.28,4570.72,96040,830,830
30,63,004/2021-22,07 May 2021,Dristi Associates,UJ18,Apparel,Jeans,,INC-TAX,5,18,Blue,1,1,420,0,0,400,20,420,680,680
31,78,026/2021-2022,23/12/2021,Dristi Associates,Kur24G,Apparel,Green Kurta,0,INC-TAX,5,24,Green,10,10,265,0,0,2523.8,126.2,2650,360,360
32,78,026/2021-2022,23/12/2021,Dristi Associates,Kur26G,Apparel,Green Kurta,0,INC-TAX,5,26,Green,11,11,275,0,0,2880.96,144.04,3025,370,370
33,78,026/2021-2022,23/12/2021,Dristi Associates,Kur28G,Apparel,Green Kurta,,INC-TAX,5,28,Green,17,17,275,0,0,4452.38,222.62,4675,370,370
34,78,026/2021-2022,23/12/2021,Dristi Associates,Kur30G,Apparel,Green Kurta,0,INC-TAX,5,30,Green,18,18,290,0,0,4971.42,248.58,5220,400,400
35,78,026/2021-2022,23/12/2021,Dristi Associates,Kur32G,Apparel,Green Kurta,0,INC-TAX,5,32,Green,31,31,300,0,0,8857.14,442.86,9300,410,410
36,78,026/2021-2022,23/12/2021,Dristi Associates,Kur34G,Apparel,Green Kurta,0,INC-TAX,5,34,Green,31,31,300,0,0,8857.14,442.86,9300,410,410
37,78,026/2021-2022,23/12/2021,Dristi Associates,Kur38G,Apparel,Green Kurta,,INC-TAX,5,38,Green,10,10,320,0,0,3047.62,152.38,3200,440,440
38,78,026/2021-2022,23/12/2021,Dristi Associates,Kur40G,Apparel,Green Kurta,0,INC-TAX,5,40,Green,11,11,370,0,0,3876.2,193.8,4070,510,510
39,78,026/2021-2022,23/12/2021,Dristi Associates,Kur42G,Apparel,Green Kurta,,INC-TAX,5,42,Green,5,5,370,0,0,1761.9,88.1,1850,510,510
40,78,026/2021-2022,23/12/2021,Dristi Associates,Kur36G,Apparel,Green Kurta,0,INC-TAX,5,36,Green,33,33,310,0,0,9742.86,487.14,10230,420,420
41,78,026/2021-2022,23/12/2021,Dristi Associates,Kur42B,Apparel,Blue Kurta,0,INC-TAX,5,42,Blue,5,5,370,0,0,1761.9,88.1,1850,510,510
42,78,026/2021-2022,23/12/2021,Dristi Associates,Kur40B,Apparel,Blue Kurta,0,INC-TAX,5,40,Blue,10,10,370,0,0,3523.8,176.2,3700,510,510
43,78,026/2021-2022,23/12/2021,Dristi Associates,Kur38B,Apparel,Blue Kurta,0,INC-TAX,5,38,Blue,10,10,320,0,0,3047.62,152.38,3200,440,440
44,78,026/2021-2022,23/12/2021,Dristi Associates,Kur36B,Apparel,Blue Kurta,0,INC-TAX,5,36,Blue,30,30,310,0,0,8857.14,442.86,9300,420,420
45,78,026/2021-2022,23/12/2021,Dristi Associates,Kur34B,Apparel,Blue Kurta,0,INC-TAX,5,34,Blue,33,33,300,0,0,9428.58,471.42,9900,410,410
46,78,026/2021-2022,23/12/2021,Dristi Associates,Kur32B,Apparel,Blue Kurta,0,INC-TAX,5,32,Blue,32,32,300,0,0,9142.86,457.14,9600,410,410
47,78,026/2021-2022,23/12/2021,Dristi Associates,Kur30B,Apparel,Blue Kurta,0,INC-TAX,5,30,Blue,17,17,290,0,0,4695.24,234.76,4930,400,400
48,78,026/2021-2022,23/12/2021,Dristi Associates,Kur28B,Apparel,Blue Kurta,,INC-TAX,5,28,Blue,17,17,275,0,0,4452.38,222.62,4675,370,370
49,78,026/2021-2022,23/12/2021,Dristi Associates,Kur26B,Apparel,Blue Kurta,,INC-TAX,5,26,Blue,10,10,275,0,0,2619.04,130.96,2750,370,370
50,78,026/2021-2022,23/12/2021,Dristi Associates,Kur24B,Apparel,Blue Kurta,0,INC-TAX,5,24,Blue,10,10,265,0,0,2523.8,126.2,2650,360,360
51,79,029/2021-2022,02 February 2022,Dristi Associates,US24,Apparel,Uniform Shorts,,INC-TAX,5,24,Blue,11,11,300,0,0,3142.86,157.14,3300,480,480
52,79,029/2021-2022,02 February 2022,Dristi Associates,US26,Apparel,Uniform Shorts,,INC-TAX,5,26,Blue,11,11,300,0,0,3142.86,157.14,3300,480,480
53,79,029/2021-2022,02 February 2022,Dristi Associates,US28,Apparel,Uniform Shorts,,INC-TAX,5,28,Blue,21,21,310,0,0,6200,310,6510,490,490
54,79,029/2021-2022,02 February 2022,Dristi Associates,US30,Apparel,Uniform Shorts,,INC-TAX,5,30,Blue,20,20,310,0,0,5904.76,295.24,6200,490,490
55,79,029/2021-2022,02 February 2022,Dristi Associates,US32,Apparel,Uniform Shorts,,INC-TAX,5,32,Blue,21,21,320,0,0,6400,320,6720,510,510
56,79,029/2021-2022,02 February 2022,Dristi Associates,US34,Apparel,Uniform Shorts,,INC-TAX,5,34,Blue,10,10,320,0,0,3047.62,152.38,3200,510,510
57,79,029/2021-2022,02 February 2022,Dristi Associates,US36,Apparel,Uniform Shorts,,INC-TAX,5,36,Blue,11,11,330,0,0,3457.14,172.86,3630,530,530
58,80,032/2021-22,28/03/2022,Dristi Associates,UJ22,Apparel,Jeans,,EX-TAX,5,22,Blue,5,5,550,0,0,2750,137.5,2887.5,720,720
59,80,032/2021-22,28/03/2022,Dristi Associates,UJ24,Apparel,Jeans,0,EX-TAX,5,24,Blue,20,20,565,0,0,11300,565,11865,750,750
60,80,032/2021-22,28/03/2022,Dristi Associates,UJ26,Apparel,Jeans,,EX-TAX,5,26,Blue,21,21,590,0,0,12390,619.5,13009.5,770,770
61,80,032/2021-22,28/03/2022,Dristi Associates,UJ28,Apparel,Jeans,,EX-TAX,5,28,Blue,30,30,600,0,0,18000,900,18900,790,790
62,80,032/2021-22,28/03/2022,Dristi Associates,UJ30,Apparel,Jeans,,EX-TAX,5,30,Blue,29,29,630,0,0,18270,913.5,19183.5,830,830
63,80,032/2021-22,28/03/2022,Dristi Associates,UJ32,Apparel,Jeans,,EX-TAX,5,32,Blue,31,31,640,0,0,19840,992,20832,850,850
64,80,032/2021-22,28/03/2022,Dristi Associates,UJ34,Apparel,Jeans,,EX-TAX,5,34,Blue,30,30,650,0,0,19500,975,20475,850,850
65,80,032/2021-22,28/03/2022,Dristi Associates,UJ36,Apparel,Jeans,,EX-TAX,5,36,Blue,15,15,680,0,0,10200,510,10710,890,890
66,80,032/2021-22,28/03/2022,Dristi Associates,UJ38,Apparel,Jeans,,EX-TAX,5,38,Blue,10,10,680,0,0,6800,340,7140,890,890
67,80,032/2021-22,28/03/2022,Dristi Associates,UJ40,Apparel,Jeans,,EX-TAX,5,40,Blue,5,5,680,0,0,3400,170,3570,920,920
68,80,032/2021-22,28/03/2022,Dristi Associates,UJ42,Apparel,Jeans,,EX-TAX,5,42,Blue,4,4,680,0,0,2720,136,2856,930,930
69,38,1911,24/06/2021,Sai Book House,C1VST,Stationary,Vyasa Sundara Telugu - 1,,EX-TAX,0,0,White,82,82,85,0,0,6970,0,6970,119,119
70,39,1911,24/06/2021,Sai Book House,C6MN,Stationary,Mathematics TextBook For Class VI,,EX-TAX,0,0,White,84,84,65,0,0,5460,0,5460,65,65
71,40,1911,24/06/2021,Sai Book House,C2VH,Stationary,Vyasa Hindi - 1,,EX-TAX,0,0,White,90,90,93,0,0,8370,0,8370,155,155
72,40,1911,24/06/2021,Sai Book House,C5VT,Stationary,Vyasa Telugu - 3,,EX-TAX,0,0,White,90,90,99,0,0,8910,0,8910,165,165
73,40,1911,24/06/2021,Sai Book House,C1LCW,Stationary,Lucida Cursive writing - 1,,EX-TAX,0,0,White,82,82,54,0,0,4428,0,4428,90,90
74,40,1911,24/06/2021,Sai Book House,C2LCW,Stationary,Lucida Cursive writing - 2,,EX-TAX,0,0,White,90,90,54,0,0,4860,0,4860,90,90
75,40,1911,24/06/2021,Sai Book House,C3LCW,Stationary,Lucida Cursive writing - 2,,EX-TAX,0,0,White,96,96,54,0,0,5184,0,5184,90,90
76,40,1911,24/06/2021,Sai Book House,C4LCW,Stationary,Lucida Cursive writing - 2,,EX-TAX,0,0,White,91,91,54,0,0,4914,0,4914,90,90
77,40,1911,24/06/2021,Sai Book House,C5LCW,Stationary,Lucida Cursive Writing - 2,,EX-TAX,0,0,White,91,91,54,0,0,4914,0,4914,90,90
78,41,1911,24/06/2021,Sai Book House,C1AM,Stationary,Alpha mathematics - 1,,EX-TAX,0,0,White,82,82,281.25,0,0,23062.5,0,23062.5,375,375
79,41,1911,24/06/2021,Sai Book House,C2AM,Stationary,Alpha Mathametics - 2,,EX-TAX,0,0,White,90,90,281.25,0,0,25312.5,0,25312.5,375,375
80,41,1911,24/06/2021,Sai Book House,C3AM,Stationary,Alpha Maths - 3,,EX-TAX,0,0,White,96,96,345,0,0,33120,0,33120,460,460
81,41,1911,24/06/2021,Sai Book House,C4AM,Stationary,Alpha Maths-4,,EX-TAX,0,0,White,91,91,345,0,0,31395,0,31395,460,460
82,41,1911,24/06/2021,Sai Book House,C5AM,Stationary,Alpha Maths - 5,,EX-TAX,0,0,White,91,91,345,0,0,31395,0,31395,460,460
83,42,1911,24/06/2021,Sai Book House,C1CPS,Stationary,Cambridge primary science - 1,,EX-TAX,0,0,White,82,82,450,0,0,36900,0,36900,600,600
84,42,1911,24/06/2021,Sai Book House,C2CPS,Stationary,Cambridge Primary Science - 2,,EX-TAX,0,0,White,90,90,450,0,0,40500,0,40500,600,600
85,42,1911,24/06/2021,Sai Book House,C3CPS,Stationary,Cambridge Primary Science - 3,,EX-TAX,0,0,White,96,96,450,0,0,43200,0,43200,600,600
86,42,1911,24/06/2021,Sai Book House,C4CPS,Stationary,Cambridge Primary Science - 4,,EX-TAX,0,0,White,91,91,468.75,0,0,42656.25,0,42656.25,625,625
87,42,1911,24/06/2021,Sai Book House,C5CPS,Stationary,Cambridge Primary Science - 5,,EX-TAX,0,0,White,91,91,468.75,0,0,42656.25,0,42656.25,625,625
88,43,1911,24/06/2021,Sai Book House,C2TB,Stationary,Telugu Bharathi - 1,,EX-TAX,0,0,White,90,90,72,0,0,6480,0,6480,120,120
89,43,1911,24/06/2021,Sai Book House,C3TV,Stationary,Real Life Telugu Vachakam-1,,EX-TAX,0,0,White,96,96,76.8,0,0,7372.8,0,7372.8,128,128
90,43,1911,24/06/2021,Sai Book House,C3HB,Stationary,Hindi Bal Shiksha - 2,,EX-TAX,0,0,White,96,96,59.4,0,0,5702.4,0,5702.4,99,99
91,43,1911,24/06/2021,Sai Book House,C4HB,Stationary,Hindi Bal Shiksha - 3,,EX-TAX,0,0,White,91,91,59.4,0,0,5405.4,0,5405.4,99,99
92,43,1911,24/06/2021,Sai Book House,C5HB,Stationary,Hindi Bal Shiksha - 4,,EX-TAX,0,0,White,91,91,59.4,0,0,5405.4,0,5405.4,99,99
93,44,1911,24/06/2021,Sai Book House,C7CGECB,Stationary,Cambridge Global English Course Book 7,,EX-TAX,0,0,White,95,95,862.5,0,0,81937.5,0,81937.5,1150,1150
94,44,1911,24/06/2021,Sai Book House,C8CGECB,Stationary,Cambridge Global English Course Book 8,,EX-TAX,0,0,White,95,95,862.5,0,0,81937.5,0,81937.5,1150,1150
95,45,1911,24/06/2021,Sai Book House,C6SN,Stationary,Science Text book for Class VI,,EX-TAX,0,0,White,84,84,65,0,0,5460,0,5460,65,65
96,45,1911,24/06/2021,Sai Book House,C6SPL,Stationary,Social and Political life-I,,EX-TAX,0,0,White,84,84,60,0,0,5040,0,5040,60,60
97,45,1911,24/06/2021,Sai Book House,C7SPL,Stationary,Social Political life,,EX-TAX,0,0,White,95,95,65,0,0,6175,0,6175,65,65
98,45,1911,24/06/2021,Sai Book House,C6EOH,Stationary,The Earth - Out habitat,,EX-TAX,0,0,White,84,84,60,0,0,5040,0,5040,60,60
99,45,1911,24/06/2021,Sai Book House,C8SN,Stationary,Science,,EX-TAX,0,0,White,45,45,65,0,0,2925,0,2925,65,65
100,45,1911,24/06/2021,Sai Book House,C7OPN,Stationary,Our Pasts,,EX-TAX,0,0,White,95,95,65,0,0,6175,0,6175,65,65
101,45,1911,24/06/2021,Sai Book House,C7EOH,Stationary,Our Environment,,EX-TAX,0,0,White,95,95,65,0,0,6175,0,6175,65,65
102,45,1911,24/06/2021,Sai Book House,C8SPL,Stationary,Social and Political Life III,,EX-TAX,0,0,White,95,95,65,0,0,6175,0,6175,65,65
103,45,1911,24/06/2021,Sai Book House,C8BV,Stationary,Bal Vasanth 3,,EX-TAX,0,0,White,15,15,39,0,0,585,0,585,39,39
104,45,1911,24/06/2021,Sai Book House,C8OPN,Stationary,Our Past III,,EX-TAX,0,0,White,95,95,60,0,0,5700,0,5700,60,60
105,45,1911,24/06/2021,Sai Book House,C8RD,Stationary,Resource and Development,,EX-TAX,0,0,White,95,95,60,0,0,5700,0,5700,60,60
106,45,1911,24/06/2021,Sai Book House,C6NV,Stationary,Nava Vasantham - 1,,EX-TAX,0,0,White,70,70,64,0,0,4480,0,4480,64,64
107,45,1911,24/06/2021,Sai Book House,C6HBV,Stationary,Baal Vasanth 1,,EX-TAX,0,0,White,14,14,44,0,0,616,0,616,44,44
108,45,1911,24/06/2021,Sai Book House,C6BB,Stationary,Baal Bageecha 1,,EX-TAX,0,0,White,70,70,30,0,0,2100,0,2100,30,30
109,45,1911,24/06/2021,Sai Book House,C7NV,Stationary,Nava Vasantham-2,,EX-TAX,0,0,White,80,80,64,0,0,5120,0,5120,64,64
110,45,1911,24/06/2021,Sai Book House,C7TV,Stationary,Vennela-2 Telugu Vachakam,,EX-TAX,0,0,White,15,15,41,0,0,615,0,615,41,41
111,45,1911,24/06/2021,Sai Book House,C7BB,Stationary,Bal Bagicha-2,,EX-TAX,0,0,White,80,80,30,0,0,2400,0,2400,30,30
112,45,1911,24/06/2021,Sai Book House,C7BV,Stationary,Bala Vasanth-2,,EX-TAX,0,0,White,15,15,50,0,0,750,0,750,50,50
113,45,1911,24/06/2021,Sai Book House,C8NV,Stationary,Nava Vasantham - 3,,EX-TAX,0,0,White,80,80,64,0,0,5120,0,5120,64,64
114,45,1911,24/06/2021,Sai Book House,C8BB,Stationary,Bal Bagicha 3,,EX-TAX,0,0,White,80,80,30,0,0,2400,0,2400,30,30
115,45,1911,24/06/2021,Sai Book House,C8TV,Stationary,Vennela - 3 Telugu Vachakam,,EX-TAX,0,0,White,15,15,36,0,0,540,0,540,36,36
116,45,1911,24/06/2021,Sai Book House,C6OPN,Stationary,Our Past - I,,EX-TAX,0,0,White,84,84,65,0,0,5460,0,5460,65,65
117,45,1911,24/06/2021,Sai Book House,C7SN,Stationary,Science,,EX-TAX,0,0,White,95,95,65,0,0,6175,0,6175,65,65
118,45,1911,24/06/2021,Sai Book House,C7MN,Stationary,Maths,,EX-TAX,0,0,White,95,95,65,0,0,6175,0,6175,65,65
119,45,1911,24/06/2021,Sai Book House,C8MN,Stationary,Maths,,EX-TAX,0,0,White,95,95,65,0,0,6175,0,6175,65,65
120,46,1911,24/06/2021,Sai Book House,CB172,Stationary,Crown Broad 172pg,,EX-TAX,12,1,White,732,732,35,0,0,25620,3074.4,28694.4,65,65
121,46,1911,24/06/2021,Sai Book House,RBR200,Stationary,Regualr Broad ruled 200,,EX-TAX,12,0,White,1262,1262,19,0,0,23978,2877.36,26855.36,35,35
122,46,1911,24/06/2021,Sai Book House,RDR200,Stationary,Regular Double ruled 200,,EX-TAX,12,0,White,544,544,19,0,0,10336,1240.32,11576.32,35,35
123,46,1911,24/06/2021,Sai Book House,A4P140,Stationary,A4 Plain 140Pg,,EX-TAX,12,1,Plain,135,135,35,0,0,4725,567,5292,55,55
124,46,1911,24/06/2021,Sai Book House,CP172,Stationary,Crown Plain 172pg,,EX-TAX,12,1,Plain,590,590,35,0,0,20650,2478,23128,65,65
125,46,1911,24/06/2021,Sai Book House,CP76,Stationary,Crown Plain 76pg,,EX-TAX,12,1,White,205,205,19,0,0,3895,467.4,4362.4,30,30
126,46,1911,24/06/2021,Sai Book House,CBR200,Stationary,Crown Broad ruled 200,,EX-TAX,12,0,White,121,121,24,0,0,2904,348.48,3252.48,45,45
127,47,1933,07 March 2021,Sai Book House,C8SN,Stationary,Science,,EX-TAX,0,0,White,50,50,65,0,0,3250,0,3250,65,65
128,48,0,07 August 2021,Sai Book House,CP76,Stationary,Crown Plain 76pg,,EX-TAX,12,1,White,65,65,19,0,0,1235,148.2,1383.2,30,30
129,50,0,19/07/2021,Sai Book House,C6CPE,Stationary,Hodder Cambridge Primary English Stage 6,,EX-TAX,0,0,White,50,50,671.25,0,0,33562.5,0,33562.5,895,895
130,57,1995,08 June 2021,Sai Book House,C1AM,Stationary,Alpha mathematics - 1,,EX-TAX,0,0,White,18,18,281.25,0,0,5062.5,0,5062.5,375,375
131,57,1995,08 June 2021,Sai Book House,C2AM,Stationary,Alpha Mathametics - 2,,EX-TAX,0,0,White,11,11,281.25,0,0,3093.75,0,3093.75,375,375
132,57,1995,08 June 2021,Sai Book House,C4AM,Stationary,Alpha Maths-4,,EX-TAX,0,0,White,10,10,345,0,0,3450,0,3450,460,460
133,57,1995,08 June 2021,Sai Book House,C1CPS,Stationary,Cambridge primary science - 1,,EX-TAX,0,0,White,18,18,450,0,0,8100,0,8100,600,600
134,57,1995,08 June 2021,Sai Book House,C2CPS,Stationary,Cambridge Primary Science - 2,,EX-TAX,0,0,White,11,11,450,0,0,4950,0,4950,600,600
135,57,1995,08 June 2021,Sai Book House,C4CPS,Stationary,Cambridge Primary Science - 4,,EX-TAX,0,0,White,10,10,468.75,0,0,4687.5,0,4687.5,625,625
136,57,1995,08 June 2021,Sai Book House,C2LCW,Stationary,Lucida Cursive writing - 2,,EX-TAX,0,0,White,11,11,54,0,0,594,0,594,90,90
137,57,1995,08 June 2021,Sai Book House,C4LCW,Stationary,Lucida Cursive writing - 2,,EX-TAX,0,0,White,10,10,54,0,0,540,0,540,90,90
138,57,1995,08 June 2021,Sai Book House,C2TB,Stationary,Telugu Bharathi - 1,,EX-TAX,0,0,White,10,10,72,0,0,720,0,720,120,120
139,57,1995,08 June 2021,Sai Book House,C4HB,Stationary,Hindi Bal Shiksha - 3,,EX-TAX,0,0,White,10,10,59.4,0,0,594,0,594,99,99
140,59,2004,08 October 2021,Sai Book House,RBR200,Stationary,Regualr Broad ruled 200,,EX-TAX,12,0,White,99,99,19,0,0,1881,225.72,2106.72,35,35
141,59,2004,08 October 2021,Sai Book House,RDR200,Stationary,Regular Double ruled 200,,EX-TAX,12,0,White,39,39,19,0,0,741,88.92,829.92,35,35
142,59,2004,08 October 2021,Sai Book House,CBR200,Stationary,Crown Broad ruled 200,,EX-TAX,12,0,White,129,129,24,0,0,3096,371.52,3467.52,45,45
143,60,2004,08 October 2021,Sai Book House,C1VST,Stationary,Vyasa Sundara Telugu - 1,,EX-TAX,0,0,White,18,18,85,0,0,1530,0,1530,119,119
144,61,2122,09 January 2021,Sai Book House,C1AM,Stationary,Alpha mathematics - 1,,EX-TAX,0,0,White,2,2,281.25,0,0,562.5,0,562.5,375,375
145,61,2122,09 January 2021,Sai Book House,C1VST,Stationary,Vyasa Sundara Telugu - 1,,EX-TAX,0,0,White,5,5,85,0,0,425,0,425,119,119
146,61,2122,09 January 2021,Sai Book House,C1LCW,Stationary,Lucida Cursive writing - 1,,EX-TAX,0,0,White,4,4,54,0,0,216,0,216,90,90
147,49,1,09 July 2021,Meher Book Depot,C4VT,Stationary,Vyasa Telugu - 2,,EX-TAX,0,0,White,44,44,93,0,0,4092,0,4092,155,155
148,56,0,31/07/2021,Meher Book Depot,C6HBV,Stationary,Baal Vasanth 1,,EX-TAX,0,0,White,15,15,44,0,0,660,0,660,44,44
